RANK,Player,TEAM,AGE,GP,W,L,MIN,USG%,%FGM,%FGA,%3PM,%3PA,%FTM,%FTA,%OREB,%DREB,%REB,%AST,%TOV,%STL,%BLK,%BLKA,%PF,%PFD,%PTS
1,Stanley Umude,DET,24,1,0,1,2.0,50.0,0.0,33.3,0.0,50.0,100.0,100.0,0.0,0.0,0.0,0.0,0.0,100.0,100.0,0.0,0.0,50.0,28.6
2,Donovan Williams,ATL,21,2,1,1,4.0,38.5,33.3,50.0,0.0,66.7,0.0,0.0,0.0,40.0,25.0,0.0,0.0,0.0,0.0,0.0,0.0,0.0,33.3
3,Giannis Antetokounmpo,MIL,28,63,47,16,2024.0,37.3,38.2,33.8,7.9,10.5,61.9,67.7,29.0,37.7,35.7,32.3,41.6,18.7,25.1,51.6,24.5,62.0,38.4
4,Joel Embiid,PHI,29,66,43,23,2284.0,37.0,38.2,34.9,11.2,13.5,58.9,58.7,32.7,35.7,35.2,22.1,35.7,19.2,52.1,44.6,23.2,52.4,39.5
5,Luka Dončić,DAL,24,66,33,33,2390.0,36.8,35.7,35.1,24.6,27.0,52.9,53.1,15.0,34.2,30.4,48.3,40.1,28.3,19.3,28.6,16.6,44.4,37.2
6,Ja Morant,MEM,23,61,40,21,1948.0,33.8,32.1,32.7,20.9,23.2,43.9,42.9,11.6,20.5,18.1,49.4,37.0,21.3,6.7,37.3,12.5,40.8,33.1
7,Damian Lillard,POR,32,58,27,31,2107.0,33.1,30.7,32.3,38.9,39.2,51.7,46.6,10.8,16.7,15.4,39.1,31.6,17.4,8.9,27.2,12.5,42.3,35.6
8,LeBron James,LAL,38,55,30,25,1954.0,32.2,33.4,33.4,26.7,29.2,33.0,32.6,16.6,26.7,24.6,34.1,32.5,19.2,17.6,23.2,12.3,31.6,32.7
9,Jayson Tatum,BOS,25,74,52,22,2732.0,31.9,30.3,31.3,26.5,28.6,49.7,47.7,14.5,28.4,25.5,22.5,30.0,21.9,16.9,28.9,15.0,35.6,32.9
10,Shai Gilgeous-Alexander,OKC,24,68,33,35,2416.0,31.8,32.1,29.8,10.1,10.6,61.8,57.2,10.2,16.9,15.1,31.1,30.3,26.9,30.2,35.4,18.0,45.0,35.3
11,Trae Young,ATL,24,73,38,35,2541.0,31.3,25.0,28.5,27.6,28.2,52.2,49.0,9.7,9.3,9.4,55.0,43.8,22.0,3.4,34.4,10.6,41.6,29.8
12,Devin Booker,PHX,26,53,34,19,1835.0,31.1,31.1,31.0,23.3,25.8,45.3,42.6,10.8,16.1,14.7,27.8,30.2,19.2,8.9,33.3,19.4,38.1,32.4
13,Donovan Mitchell,CLE,26,68,44,24,2432.0,31.0,31.6,32.2,41.6,38.9,37.4,34.3,13.0,14.2,13.9,24.8,27.7,28.9,11.9,26.9,17.5,29.0,33.5
14,Jaylen Brown,BOS,26,67,46,21,2405.0,30.7,32.3,31.5,21.8,24.2,28.7,30.7,17.1,21.9,20.9,18.1,30.1,22.1,9.9,39.1,18.1,27.7,30.4
15,Brandon Ingram,NOP,25,45,23,22,1538.0,30.6,29.9,30.1,18.9,18.2,38.5,35.9,7.1,21.4,18.0,31.9,34.7,12.6,14.3,26.4,17.2,34.0,30.4
16,Kevin Durant,PHX,34,47,34,13,1672.0,30.5,31.9,29.7,22.1,21.9,50.7,44.8,6.9,25.2,22.0,24.9,32.1,14.5,26.7,20.7,14.0,41.5,33.7
17,Duane Washington Jr.,NYK,23,31,17,14,394.0,29.8,28.0,32.8,37.4,38.5,13.3,15.4,1.5,12.4,8.8,32.0,25.0,13.0,9.5,40.0,13.8,18.0,27.1
18,Stephen Curry,GSW,35,56,30,26,1941.0,29.7,30.3,30.4,38.7,36.2,41.4,36.1,9.4,21.6,18.8,27.6,28.0,17.0,12.2,26.5,13.7,30.4,32.9
19,Paul George,LAC,33,56,32,24,1939.0,29.4,27.4,29.6,29.5,31.3,34.3,32.0,13.4,21.9,20.2,30.1,31.4,28.5,12.7,28.7,20.1,29.5,28.8
20,Anthony Edwards,MIN,21,79,40,39,2841.0,29.2,27.9,29.8,28.8,28.9,30.6,30.5,8.7,21.0,18.4,23.1,29.0,25.9,17.2,25.9,14.5,24.3,28.4
21,LaMelo Ball,CHA,21,36,13,23,1268.0,28.9,25.5,29.4,44.3,40.1,22.7,20.2,14.3,21.4,19.6,43.3,36.5,20.9,8.0,20.9,21.9,21.7,27.1
22,De'Aaron Fox,SAC,25,73,44,29,2435.0,28.8,30.0,29.4,17.7,20.2,32.3,32.8,7.8,15.9,14.0,33.8,28.2,23.4,13.5,25.6,17.3,31.9,29.1
23,Zion Williamson,NOP,22,29,17,12,956.0,28.8,33.1,26.6,3.3,3.3,41.6,44.8,24.4,21.4,22.2,25.7,33.4,18.0,19.0,41.5,15.8,42.4,31.9
24,Bradley Beal,WAS,30,50,24,26,1673.0,28.8,29.8,29.4,20.9,21.1,30.4,29.1,12.7,13.1,13.0,29.8,31.1,19.8,17.3,21.4,16.3,25.2,29.1
25,Julius Randle,NYK,28,77,44,33,2737.0,28.8,27.7,28.6,30.7,32.0,35.3,35.3,20.0,33.4,29.7,25.1,30.5,14.2,9.8,24.5,20.4,30.8,29.3
26,Cade Cunningham,DET,21,12,3,9,400.0,28.7,28.4,30.0,17.5,21.5,18.8,17.8,12.4,22.4,19.8,41.4,33.9,20.0,22.6,31.1,19.0,19.6,25.3
27,Kyrie Irving,DAL,31,60,32,28,2241.0,28.6,29.5,30.5,28.4,29.8,34.0,29.0,18.0,16.7,16.9,28.0,21.3,21.5,15.7,36.2,16.7,26.2,29.9
28,Lester Quinones,GSW,22,4,4,0,18.0,28.3,11.1,15.6,33.3,28.6,100.0,100.0,25.0,13.3,15.8,13.3,55.6,50.0,0.0,0.0,0.0,100.0,21.7
29,Jordan Poole,GSW,24,82,44,38,2458.0,28.2,25.8,28.0,26.6,29.3,41.4,38.1,6.0,11.0,9.8,26.1,29.9,17.4,9.7,34.9,18.7,34.4,28.2
30,Zach LaVine,CHI,28,77,38,39,2768.0,27.8,27.8,28.1,32.9,32.3,37.4,36.1,9.5,15.5,14.4,23.2,25.7,16.3,7.3,29.2,15.3,28.2,29.7
31,Anthony Davis,LAL,30,56,31,25,1905.0,27.7,31.8,27.4,4.7,6.5,41.3,40.9,46.5,35.7,38.2,14.3,22.2,20.8,59.1,30.2,21.9,37.9,31.2
32,Jalen Green,HOU,21,76,20,56,2602.0,27.4,25.4,28.4,32.1,32.5,35.0,33.3,6.2,13.5,11.5,23.1,23.0,15.4,7.8,32.0,12.0,28.5,27.7
33,Jordan Clarkson,UTA,31,61,30,31,1988.0,27.3,26.2,28.3,26.4,28.6,24.9,24.3,15.0,12.9,13.4,25.2,29.0,13.1,6.6,26.1,14.1,21.5,26.0
34,Keldon Johnson,SAS,23,63,17,46,2063.0,27.3,27.3,28.2,29.6,30.8,35.9,35.6,10.7,20.1,17.4,15.7,20.7,15.0,7.0,27.1,15.0,29.6,28.7
35,Kyle Kuzma,WAS,27,64,29,35,2239.0,27.3,26.0,28.3,29.0,32.1,21.6,23.1,12.9,25.5,22.9,20.2,28.4,11.6,12.1,26.8,17.0,20.0,25.7
36,DeMar DeRozan,CHI,33,74,37,37,2682.0,27.2,27.9,27.3,8.5,9.3,45.8,43.0,7.9,16.7,15.0,28.3,21.9,19.0,15.3,25.1,17.5,38.1,29.1
37,Kristaps Porziņģis,WAS,27,65,27,38,2120.0,27.2,26.7,26.8,26.4,25.5,45.1,43.3,30.2,27.7,28.2,14.5,22.6,21.0,43.7,28.4,24.0,45.8,29.5
38,Paolo Banchero,ORL,20,72,31,41,2430.0,27.2,23.3,26.0,16.3,19.5,38.4,40.2,17.3,25.3,23.5,22.9,26.4,15.2,18.9,35.7,15.8,35.4,25.4
39,Bones Hyland,LAC,22,56,36,20,1085.0,27.1,24.5,29.5,40.3,41.1,23.1,20.4,8.5,16.7,14.6,30.0,24.5,25.8,16.3,36.7,21.3,21.1,26.1
40,Pascal Siakam,TOR,29,71,35,36,2652.0,27.0,27.1,26.3,15.5,16.5,36.3,36.6,19.8,25.3,23.8,30.3,27.6,12.5,12.9,14.9,20.7,37.3,27.4
41,Cam Thomas,BKN,21,57,30,27,948.0,26.8,25.6,27.5,21.2,22.1,35.2,33.4,4.5,13.8,11.8,17.5,22.7,14.6,7.3,20.3,13.2,30.2,26.9
42,Kenneth Lofton Jr.,MEM,20,24,15,9,176.0,26.7,32.7,28.3,16.7,13.3,37.2,39.1,35.8,31.7,33.1,19.4,20.0,16.7,15.4,25.0,38.4,33.8,31.7
43,Kawhi Leonard,LAC,32,52,33,19,1747.0,26.7,29.3,27.9,21.6,20.4,33.5,31.7,16.3,22.8,21.4,23.4,19.1,27.4,19.0,19.1,12.5,31.0,29.2
44,Jalen Brunson,NYK,26,68,40,28,2379.0,26.6,28.1,27.4,21.9,19.2,32.5,30.0,6.7,12.5,10.9,38.5,23.9,21.6,7.7,25.1,15.2,35.6,28.2
45,Russell Westbrook,LAC,34,73,36,37,2126.0,26.6,22.2,25.2,18.6,21.0,22.7,26.6,20.1,22.0,21.6,47.6,39.3,23.8,16.6,36.9,18.7,23.0,22.0
46,Nikola Jokić,DEN,28,69,48,21,2323.0,26.3,28.2,24.0,9.4,9.9,39.6,37.0,34.3,40.4,39.0,41.6,36.9,22.7,23.6,25.8,22.3,39.2,27.9
47,Darius Garland,CLE,23,69,40,29,2447.0,26.2,24.1,26.1,30.4,27.4,30.0,27.1,5.6,10.0,9.0,41.4,30.9,22.7,3.8,23.0,16.0,28.1,25.7
48,Terry Rozier,CHA,29,63,19,44,2221.0,26.2,25.4,28.0,32.2,32.2,23.5,21.8,9.7,14.0,12.9,27.1,22.3,21.1,7.3,24.2,13.0,21.9,25.8
49,CJ McCollum,NOP,31,75,38,37,2649.0,26.0,24.9,27.7,35.2,33.8,18.7,19.1,9.4,15.1,13.7,30.3,24.2,17.2,16.3,24.3,13.7,16.6,24.9
50,Ryan Rollins,GSW,20,12,5,7,62.0,26.0,20.0,20.0,20.0,15.8,37.5,27.3,42.9,21.4,24.5,24.0,51.6,14.3,33.3,50.0,35.7,21.1,22.8
51,Lauri Markkanen,UTA,26,66,32,34,2272.0,25.9,28.6,27.1,30.1,27.9,36.8,32.8,22.3,27.3,26.0,9.8,17.9,13.9,16.7,27.9,14.2,29.1,30.2
52,Christian Wood,DAL,27,67,33,34,1738.0,25.9,28.0,26.1,20.2,19.5,30.6,30.6,35.2,36.5,36.3,14.8,26.9,14.4,43.4,31.0,22.5,33.5,27.4
53,John Wall,LAC,32,34,15,19,755.0,25.9,22.8,25.4,16.7,20.1,27.0,28.5,9.6,14.9,13.7,49.2,33.5,25.5,16.4,35.6,17.3,25.4,22.8
54,Khris Middleton,MIL,31,33,25,8,801.0,25.9,23.8,26.6,21.9,25.5,29.4,26.0,16.9,17.0,17.0,36.4,29.8,21.7,6.8,34.5,21.1,25.9,24.5
55,Kelly Oubre Jr.,CHA,27,48,16,32,1548.0,25.7,27.0,28.0,32.6,33.8,27.4,26.9,17.5,18.1,17.9,6.9,15.0,26.9,11.8,26.6,20.1,28.2,27.6
56,RJ Barrett,NYK,23,73,40,33,2475.0,25.6,23.9,25.7,19.3,22.0,29.6,30.7,9.4,18.0,15.6,17.2,25.1,10.1,7.1,39.2,16.8,25.1,24.3
57,Klay Thompson,GSW,33,69,38,31,2279.0,25.6,25.9,28.8,38.2,35.9,16.3,14.6,7.6,15.1,13.3,10.9,16.7,15.1,15.1,17.8,12.9,11.1,26.4
58,Jamal Murray,DEN,26,65,43,22,2133.0,25.6,23.8,26.9,30.9,30.1,24.9,22.3,10.7,14.5,13.6,30.6,24.5,19.1,8.4,19.8,13.4,20.3,24.7
59,Desmond Bane,MEM,25,58,38,20,1841.0,25.2,26.3,26.5,32.8,30.5,26.4,22.7,9.6,18.5,16.3,24.1,25.5,16.6,9.3,33.3,19.4,19.9,27.0
60,Jaden Ivey,DET,21,74,16,58,2304.0,25.1,22.2,23.8,23.2,23.1,27.9,29.4,13.8,14.2,14.1,35.5,31.5,20.1,10.1,31.1,22.8,31.3,23.3
61,Norman Powell,LAC,30,60,31,29,1567.0,25.1,26.4,25.6,29.4,26.4,34.1,33.1,8.2,14.2,12.9,14.9,20.8,21.4,11.1,23.5,18.1,33.2,28.1
62,Lindell Wigginton,MIL,25,7,4,3,87.0,25.1,25.4,24.0,28.6,26.5,29.6,25.0,0.0,11.5,8.9,31.1,38.7,0.0,33.3,22.2,25.0,33.3,26.3
63,Bam Adebayo,MIA,25,75,40,35,2598.0,25.1,27.9,24.4,0.2,0.7,32.0,32.9,37.7,29.6,31.4,18.3,26.8,20.5,40.1,24.0,21.6,33.2,25.7
64,Bojan Bogdanović,DET,34,59,15,44,1893.0,25.1,27.3,25.7,30.9,26.6,32.6,29.6,8.5,15.2,13.4,16.5,22.8,13.1,5.7,34.5,13.2,25.3,28.7
65,Talen Horton-Tucker,UTA,22,65,30,35,1313.0,25.0,22.3,25.0,17.2,20.4,24.2,24.7,12.8,17.0,16.0,35.4,29.8,25.5,16.4,29.8,19.9,21.9,22.0
66,Tyler Herro,MIA,23,67,37,30,2335.0,25.0,24.8,26.9,35.2,33.5,18.7,16.6,5.9,22.2,18.4,23.7,25.2,13.1,11.5,28.3,11.7,13.5,24.9
67,Chima Moneke,SAC,27,2,1,1,8.0,25.0,20.0,16.7,0.0,0.0,0.0,50.0,100.0,0.0,33.3,25.0,50.0,0.0,0.0,0.0,50.0,50.0,15.4
67,Chris Silva,DAL,26,1,1,0,3.0,25.0,33.3,16.7,0.0,0.0,0.0,0.0,0.0,0.0,0.0,0.0,100.0,0.0,0.0,0.0,66.7,0.0,25.0
67,Frank Jackson,UTA,25,1,0,1,5.0,25.0,0.0,27.3,0.0,50.0,0.0,0.0,33.3,50.0,40.0,33.3,0.0,0.0,0.0,0.0,0.0,0.0,0.0
70,Karl-Anthony Towns,MIN,27,29,15,14,957.0,25.0,25.4,24.6,24.6,24.4,32.4,28.6,24.1,27.0,26.4,26.2,26.5,14.4,16.3,23.2,25.8,31.8,26.4
71,Jaden Hardy,DAL,20,48,20,28,708.0,24.8,24.8,26.1,27.5,26.1,22.8,22.5,9.4,16.1,14.8,18.0,25.3,23.3,11.3,38.0,21.1,20.8,24.9
72,Jimmy Butler,MIA,33,64,35,29,2138.0,24.8,27.1,23.6,7.3,7.3,50.2,49.6,31.1,17.9,21.3,32.7,17.8,31.5,16.2,31.0,10.2,39.3,29.5
73,Anfernee Simons,POR,24,62,27,35,2171.0,24.7,25.5,27.2,35.3,34.6,18.7,16.8,4.2,10.0,8.7,23.5,20.5,14.5,7.0,21.4,15.7,14.3,25.5
74,James Harden,PHI,33,58,39,19,2135.0,24.7,20.9,23.2,27.4,28.1,32.3,31.8,11.0,22.1,19.9,54.5,34.4,22.7,14.5,27.5,13.0,30.1,23.8
75,Malik Monk,SAC,25,77,47,30,1719.0,24.7,23.6,25.6,31.4,30.9,24.3,22.1,9.8,14.7,13.6,31.5,27.3,20.1,14.3,31.9,16.6,18.1,24.6
76,Luka Garza,MIN,24,28,15,13,243.0,24.5,26.5,24.6,20.0,21.2,36.3,36.4,54.1,20.0,29.9,12.9,20.9,7.7,9.1,34.8,37.4,34.0,27.5
77,Jrue Holiday,MIL,33,67,50,17,2183.0,24.4,24.1,24.5,22.8,22.3,20.6,17.7,15.6,15.0,15.1,41.3,31.9,25.5,10.4,26.3,15.2,19.1,23.5
78,Jaren Jackson Jr.,MEM,23,63,41,22,1788.0,24.3,25.0,24.0,22.1,22.5,34.8,32.8,24.1,23.8,23.9,6.0,22.2,20.0,67.0,33.0,28.5,32.2,26.2
79,Mac McClung,PHI,24,2,2,0,41.0,24.3,22.5,25.6,33.3,40.7,21.4,25.0,42.9,20.6,24.4,34.6,18.8,0.0,0.0,16.7,15.8,22.2,23.6
80,Naz Reid,MIN,23,68,32,36,1251.0,24.2,28.3,25.4,23.0,23.8,19.2,21.5,36.3,32.1,32.9,11.5,23.5,18.9,35.8,26.8,28.3,22.1,26.4
81,Devin Vassell,SAS,22,38,12,26,1178.0,24.0,24.9,26.5,35.0,32.5,23.4,21.4,3.1,18.9,14.8,20.6,15.1,22.5,16.7,15.7,11.0,15.4,25.8
82,Kevin Porter Jr.,HOU,23,59,18,41,2024.0,23.9,23.1,23.9,29.4,28.0,25.3,24.6,13.8,17.2,16.2,37.3,28.1,27.9,10.1,23.9,17.5,22.7,24.1
83,Cameron Payne,PHX,28,48,27,21,968.0,23.9,21.3,24.3,26.1,27.0,15.3,16.1,4.9,14.9,12.1,37.3,29.7,23.9,7.7,25.3,19.5,16.2,21.0
84,Dejounte Murray,ATL,26,74,38,36,2693.0,23.9,24.6,25.5,22.9,23.6,16.4,16.0,8.3,18.0,15.6,33.0,22.3,27.8,7.1,19.7,10.3,14.5,23.2
85,Josh Giddey,OKC,20,76,34,42,2367.0,23.9,25.2,24.4,13.6,14.6,12.3,13.5,26.1,28.5,27.8,38.1,31.5,14.2,14.6,28.5,14.1,12.2,22.1
86,Jaylen Nowell,MIN,23,65,34,31,1252.0,23.8,24.9,27.1,23.2,26.9,15.2,14.9,15.6,16.6,16.4,20.1,17.2,19.5,4.3,29.7,17.1,14.9,23.1
87,Tyrese Haliburton,IND,23,56,28,28,1883.0,23.8,24.4,24.1,25.8,24.7,27.0,24.7,10.2,14.1,13.3,51.8,26.5,30.7,11.0,25.8,8.4,21.9,24.9
88,Keon Johnson,POR,21,40,13,27,416.0,23.7,20.4,24.4,29.8,30.1,16.4,18.6,11.5,13.2,12.7,30.6,28.5,30.2,18.2,22.5,21.4,17.8,20.7
89,Brandon Boston,LAC,21,22,9,13,248.0,23.7,24.8,25.1,21.8,18.2,29.9,29.5,8.9,14.0,12.3,16.9,16.9,27.3,0.0,29.7,21.9,28.7,25.4
90,Tyrese Maxey,PHI,22,60,39,21,2016.0,23.6,25.7,26.2,30.1,27.6,20.2,20.1,6.4,11.5,10.4,20.4,14.9,16.1,4.4,19.8,15.8,19.5,25.1
91,Bennedict Mathurin,IND,21,78,33,45,2222.0,23.5,21.7,22.9,17.1,19.5,39.4,37.5,17.1,16.3,16.5,9.8,21.2,13.7,4.9,29.2,15.9,30.3,24.4
92,Xavier Moon,LAC,28,4,2,2,20.0,23.3,21.4,28.1,20.0,27.3,0.0,0.0,0.0,20.0,16.7,55.6,11.1,0.0,0.0,0.0,50.0,0.0,19.4
93,Deandre Ayton,PHX,24,67,36,31,2035.0,23.1,29.0,23.5,1.5,1.9,22.7,24.1,37.7,37.0,37.2,9.9,21.6,12.0,29.4,24.8,22.6,21.2,25.4
93,Scotty Pippen Jr.,LAL,22,6,1,5,32.0,23.1,20.0,21.8,16.7,15.0,38.5,42.9,25.0,9.5,13.8,28.6,20.0,50.0,12.5,40.0,30.0,42.9,23.7
95,Collin Sexton,UTA,24,48,24,24,1145.0,23.0,23.4,22.3,15.9,14.8,32.6,32.0,13.4,8.8,10.0,23.5,23.0,20.6,5.4,41.5,22.6,32.5,24.2
96,Franz Wagner,ORL,21,80,33,47,2609.0,23.0,24.2,23.9,23.3,22.1,25.1,23.5,13.9,14.1,14.1,21.9,21.3,19.3,6.8,30.7,16.6,24.8,24.3
97,Jonas Valančiūnas,NOP,31,79,40,39,1968.0,22.9,25.7,22.5,8.6,9.1,26.0,25.3,48.4,41.5,43.2,13.3,25.8,6.8,31.0,24.4,30.3,30.8,24.1
98,Dalano Banton,TOR,23,31,17,14,279.0,22.9,23.6,24.9,30.6,28.8,17.0,17.6,13.8,19.2,17.5,26.9,20.7,22.8,38.2,25.0,25.6,18.0,23.1
99,Patrick Baldwin Jr.,GSW,20,31,15,16,226.0,22.7,24.6,27.4,39.5,36.8,6.7,7.6,2.6,27.5,22.1,8.3,12.9,20.7,30.8,14.3,16.5,5.6,24.8
100,Tyler Dorsey,DAL,27,3,2,1,8.0,22.7,66.7,31.3,100.0,33.3,0.0,0.0,33.3,14.3,20.0,0.0,0.0,0.0,0.0,0.0,0.0,0.0,60.0
101,Jerami Grant,POR,29,63,28,35,2246.0,22.7,23.0,23.4,23.0,21.7,28.1,28.1,13.0,15.5,14.9,13.0,17.7,17.4,25.9,27.6,16.4,27.1,23.9
102,Kendrick Nunn,WAS,27,70,30,40,963.0,22.7,22.5,25.4,34.1,33.6,9.4,8.7,7.8,13.6,12.3,19.1,22.4,19.3,7.1,25.9,18.0,9.2,21.6
103,Fred VanVleet,TOR,29,69,34,35,2535.0,22.5,19.6,23.1,34.9,34.4,25.8,22.9,4.6,16.0,12.6,38.0,23.7,25.0,15.1,24.7,18.4,21.5,22.1
104,Myles Turner,IND,27,62,29,33,1825.0,22.5,25.1,22.1,16.5,16.8,32.7,34.0,30.4,31.5,31.3,8.5,19.7,12.4,61.9,18.2,27.8,35.2,25.1
105,D'Angelo Russell,LAL,27,71,39,32,2304.0,22.5,21.8,22.9,33.8,31.3,20.5,19.2,7.7,11.5,10.6,35.2,25.1,19.9,11.3,13.0,14.6,18.9,22.9
106,Mikal Bridges,BKN,26,83,42,41,2963.0,22.3,23.4,23.4,21.8,21.5,28.9,26.0,12.3,14.3,13.8,16.7,16.1,20.6,19.6,23.8,12.9,23.9,24.1
107,Malcolm Brogdon,BOS,30,67,46,21,1744.0,22.3,24.1,23.2,24.2,20.2,23.9,22.5,11.6,19.2,17.5,28.4,20.2,19.4,9.6,34.7,15.8,23.9,24.1
108,Willy Hernangomez,NOP,29,38,23,15,458.0,22.2,23.5,20.1,3.2,3.9,35.2,36.1,47.2,37.3,40.0,14.8,26.7,18.9,31.7,25.4,36.0,39.0,24.3
109,Michael Porter Jr.,DEN,25,62,41,21,1798.0,22.0,22.8,24.6,38.8,37.9,14.8,14.4,17.2,21.8,20.7,5.5,13.4,13.3,18.8,19.1,18.3,11.7,23.3
110,Derrick Rose,NYK,34,27,12,15,338.0,22.0,21.6,25.0,24.4,25.6,9.3,8.3,8.3,12.6,11.4,27.5,18.2,13.7,17.9,31.7,13.2,11.8,20.0
111,Spencer Dinwiddie,BKN,30,79,41,38,2725.0,22.0,21.0,22.2,22.6,21.9,25.5,24.0,6.0,14.0,12.3,39.9,22.1,16.8,9.7,27.1,16.8,21.1,22.0
112,Alec Burks,DET,31,51,12,39,1122.0,21.8,20.8,22.6,33.4,29.9,29.5,27.5,8.3,18.9,16.3,20.9,18.6,21.8,8.7,12.8,18.7,26.2,23.8
113,Nikola Vučević,CHI,32,82,40,42,2746.0,21.8,24.7,23.6,19.9,20.8,14.0,13.8,39.3,38.5,38.7,18.5,18.6,14.9,24.3,17.8,17.8,17.6,22.7
114,Jusuf Nurkić,POR,28,52,24,28,1391.0,21.8,22.0,20.4,10.9,11.5,24.0,28.5,41.8,36.2,37.4,20.1,28.2,24.7,37.3,25.4,32.0,31.0,21.0
115,Josh Christopher,HOU,21,64,16,48,786.0,21.5,23.8,22.9,15.1,19.3,14.7,15.0,8.6,10.4,9.8,21.7,22.3,26.6,17.4,18.0,17.1,13.4,21.5
116,Kemba Walker,DAL,33,9,5,4,144.0,21.5,21.4,22.4,16.3,20.6,29.3,25.9,15.8,12.7,13.2,31.7,14.8,10.5,14.3,35.7,19.0,22.2,22.2
117,Terence Davis,SAC,26,64,38,26,841.0,21.5,20.2,23.2,33.7,34.7,11.3,11.4,11.6,20.2,18.3,14.0,21.5,31.9,19.0,17.6,28.0,11.3,20.6
118,Dillon Brooks,MEM,27,73,46,27,2214.0,21.4,19.6,23.4,27.2,28.9,15.3,14.2,8.3,12.2,11.2,16.4,17.3,17.9,6.3,16.1,25.5,14.6,19.7
119,JaVale McGee,DAL,35,42,20,22,355.0,21.4,26.9,20.0,2.4,1.9,19.4,24.1,48.4,31.8,35.2,6.4,31.3,8.7,66.7,19.0,36.0,26.7,23.3
120,Domantas Sabonis,SAC,27,79,47,32,2736.0,21.3,23.0,18.8,3.9,3.9,29.6,31.3,47.2,39.2,41.0,35.8,31.1,16.7,25.0,27.2,26.1,32.2,21.9
121,Andrew Wiggins,GSW,28,37,19,18,1190.0,21.2,22.7,23.4,20.3,20.5,12.9,16.3,25.5,14.7,17.1,10.8,13.2,24.2,27.2,24.1,19.0,18.9,21.2
122,James Wiseman,DET,22,45,11,34,867.0,21.2,26.4,22.1,2.0,3.6,24.6,26.4,40.6,35.5,36.8,6.8,16.7,5.8,41.5,28.0,28.4,24.3,23.6
123,Bobby Portis,MIL,28,70,47,23,1818.0,21.1,24.7,23.3,17.1,17.1,16.7,16.6,34.4,37.8,36.9,10.7,14.7,12.9,9.2,23.3,16.9,15.3,22.7
124,Alperen Sengun,HOU,20,75,18,57,2171.0,21.1,23.2,19.9,4.2,4.3,24.2,25.1,41.9,29.3,32.8,27.5,27.5,23.2,36.6,23.8,30.1,34.2,21.7
125,Trevor Keels,NYK,19,3,3,0,8.0,21.1,33.3,30.8,50.0,40.0,0.0,0.0,0.0,28.6,28.6,0.0,0.0,0.0,0.0,0.0,0.0,0.0,37.5
126,Hamidou Diallo,DET,24,56,12,44,996.0,21.0,25.7,21.2,2.5,3.7,19.1,24.0,25.0,20.2,21.4,12.0,22.6,28.5,16.8,19.2,26.4,23.8,22.4
127,Darius Days,HOU,23,4,0,4,25.0,21.0,25.0,24.5,42.9,37.0,18.2,16.7,14.3,35.7,28.6,7.7,0.0,0.0,50.0,100.0,13.3,11.1,25.9
128,Edmond Sumner,BKN,27,53,33,20,736.0,20.9,19.2,20.8,18.1,19.3,32.9,30.0,10.5,13.1,12.6,17.6,21.0,26.7,10.8,35.7,24.4,28.7,21.4
129,Cole Anthony,ORL,23,60,28,32,1552.0,20.9,21.2,21.9,21.7,20.3,23.1,20.6,13.6,22.3,20.2,31.2,20.4,17.4,18.7,14.4,23.6,18.1,21.6
130,Zach Collins,SAS,25,63,20,43,1441.0,20.9,22.1,20.1,15.6,15.0,22.8,22.7,38.0,29.4,31.5,21.5,27.2,18.9,48.0,20.1,32.0,26.4,21.5
131,Gary Trent Jr.,TOR,24,66,31,35,2118.0,20.9,22.3,23.1,33.9,31.5,20.9,19.6,5.5,10.7,9.2,10.3,11.0,24.0,5.9,15.8,11.2,15.3,23.2
132,Markelle Fultz,ORL,25,60,29,31,1778.0,20.8,22.9,21.1,7.1,8.1,15.7,15.5,18.1,13.6,14.7,38.6,25.4,28.5,18.6,21.2,18.2,15.9,20.2
133,Jared Butler,OKC,22,6,3,3,77.0,20.8,23.1,22.7,35.0,23.3,0.0,0.0,8.3,5.2,5.7,18.2,21.7,50.0,0.0,50.0,16.1,12.0,21.6
134,Malik Beasley,LAL,26,81,45,36,2093.0,20.7,20.4,24.2,38.7,38.7,6.4,6.4,7.5,17.2,14.8,11.5,13.7,22.3,4.5,13.9,12.5,5.4,20.4
135,Aaron Gordon,DEN,27,68,45,23,2055.0,20.6,21.5,20.2,11.2,13.0,25.7,31.5,36.1,19.7,23.6,15.0,16.9,16.0,27.3,36.5,18.5,27.4,21.0
136,Boban Marjanović,HOU,34,31,7,24,171.0,20.6,26.5,19.9,0.0,1.0,28.2,27.6,48.8,30.5,34.9,10.7,28.6,17.2,16.7,18.8,21.3,39.2,24.9
137,Louis King,PHI,24,1,1,0,29.0,20.5,26.7,22.4,40.0,36.4,0.0,11.1,22.2,11.1,14.8,12.5,20.0,20.0,0.0,0.0,21.1,20.0,25.6
138,Buddy Hield,IND,30,80,35,45,2482.0,20.5,21.6,22.6,37.6,33.0,12.0,11.5,14.8,20.3,19.1,15.5,18.7,22.6,8.6,17.3,14.6,7.1,22.2
139,RaiQuan Gray,BKN,23,1,0,1,35.0,20.5,23.1,18.8,25.0,21.7,10.5,9.1,33.3,28.6,30.0,41.2,44.4,0.0,25.0,0.0,33.3,5.3,20.3
140,Reggie Jackson,DEN,33,68,36,32,1657.0,20.5,19.3,21.8,22.7,25.1,12.5,10.6,7.3,10.2,9.5,29.5,22.9,19.7,3.8,12.7,18.2,12.2,18.6
141,Victor Oladipo,MIA,31,42,23,19,1106.0,20.4,18.4,20.7,23.7,25.1,13.0,14.0,7.2,16.1,13.9,27.8,28.0,27.8,20.3,21.3,21.3,15.0,18.1
142,Wendell Carter Jr.,ORL,24,57,26,31,1690.0,20.4,22.5,20.6,21.7,21.4,21.6,22.4,35.6,31.3,32.3,15.9,19.3,11.9,21.2,11.5,23.2,23.4,22.3
143,PJ Dozier,SAC,26,16,11,5,79.0,20.3,16.4,23.7,10.0,25.0,0.0,0.0,6.7,28.3,23.0,25.6,20.0,42.9,14.3,33.3,24.1,20.0,13.8
144,Immanuel Quickley,NYK,24,81,47,34,2344.0,20.3,21.1,21.9,29.4,26.7,21.5,20.0,9.4,16.6,14.7,26.5,15.6,24.9,6.5,13.3,16.9,17.8,22.0
145,Cameron Johnson,BKN,27,42,25,17,1200.0,20.2,22.0,22.1,30.9,28.9,20.7,19.9,14.8,18.4,17.6,11.7,12.1,26.7,9.9,26.5,17.1,18.3,22.8
146,Marvin Bagley III,DET,24,42,7,35,990.0,20.2,24.7,21.2,8.4,10.2,23.1,23.3,38.5,26.7,29.9,7.6,15.0,15.0,32.6,17.9,19.5,24.3,22.8
147,Moritz Wagner,ORL,26,57,27,30,1109.0,20.1,21.3,19.7,22.3,23.9,30.4,29.4,27.6,25.4,26.0,15.1,18.9,20.0,13.0,22.6,30.3,29.4,23.2
148,Jalen Smith,IND,23,68,31,37,1279.0,20.1,21.8,21.0,15.0,18.5,21.0,21.5,43.6,29.6,33.1,8.9,17.8,11.6,41.7,24.8,29.2,25.9,20.9
149,Tim Hardaway Jr.,DAL,31,71,37,34,2152.0,20.1,18.9,22.8,30.4,30.1,14.8,14.6,6.5,16.2,14.4,12.5,11.6,17.9,7.4,17.0,13.2,15.7,19.8
150,Killian Hayes,DET,21,76,16,60,2154.0,20.1,17.5,20.9,16.1,19.8,11.7,10.9,5.7,14.0,11.8,45.1,25.2,33.1,17.2,13.1,22.3,15.0,16.4
151,Daniel Theis,IND,31,7,1,6,109.0,20.1,22.6,21.9,6.5,14.5,15.6,23.5,43.8,24.2,28.2,13.8,10.3,11.1,60.0,30.0,19.4,24.4,19.7
152,Tre Mann,OKC,22,67,31,36,1183.0,20.0,19.1,22.1,26.0,28.5,10.3,10.5,9.9,16.5,14.7,20.9,18.6,19.7,8.7,11.5,19.9,11.3,18.6
153,P.J. Washington,CHA,24,73,24,49,2380.0,20.0,20.9,21.5,28.2,25.9,15.5,15.7,13.2,17.5,16.4,13.6,16.2,17.6,31.1,21.8,19.2,15.9,20.8
154,Scottie Barnes,TOR,21,77,38,39,2678.0,20.0,19.6,20.1,10.5,13.0,19.3,19.5,26.0,20.1,21.8,27.1,24.5,15.9,21.5,18.6,16.1,19.8,18.6
155,Evan Mobley,CLE,22,79,48,31,2715.0,19.9,22.2,19.8,3.6,6.1,20.7,23.9,33.7,29.7,30.7,15.8,20.0,14.9,43.8,24.0,20.8,21.9,20.2
156,Lonnie Walker IV,LAL,24,56,27,29,1297.0,19.8,20.7,22.2,33.6,30.8,17.8,16.5,5.9,10.2,9.3,9.5,11.9,17.1,13.7,16.0,14.4,13.2,21.4
157,Jonathan Isaac,ORL,25,11,8,3,124.0,19.8,23.7,22.5,20.7,20.3,11.1,14.1,34.1,36.7,35.8,10.7,12.1,56.0,30.8,15.4,11.4,20.4,21.2
158,Goran Dragic,MIL,37,58,27,31,870.0,19.8,18.1,21.0,28.3,28.1,8.7,10.0,9.0,11.4,10.8,33.2,23.3,9.7,5.1,16.5,17.4,11.1,17.4
159,Jordan Hall,SAS,21,9,1,8,83.0,19.7,15.3,19.3,17.6,23.1,22.6,22.0,15.8,18.0,17.4,26.8,22.6,6.7,0.0,25.0,22.2,15.6,16.9
159,Kevin Huerter,SAC,24,75,44,31,2203.0,19.7,20.7,21.6,32.9,30.5,10.6,11.4,10.0,14.0,13.1,17.3,16.5,26.0,18.8,12.9,21.2,10.6,20.4
161,Andre Drummond,CHI,29,67,32,35,849.0,19.6,22.4,17.7,0.0,0.7,21.4,29.8,65.4,52.9,56.3,8.6,29.8,26.8,33.3,29.0,31.5,29.2,20.5
162,Bogdan Bogdanović,ATL,30,54,27,27,1509.0,19.6,19.6,21.7,40.7,36.8,10.7,10.4,7.0,13.7,12.1,19.1,16.6,21.0,10.7,8.8,14.4,10.4,20.2
163,Jalen Suggs,ORL,22,53,20,33,1246.0,19.6,17.7,19.8,24.4,25.2,16.5,18.0,20.9,12.1,14.1,26.3,22.8,35.8,18.8,20.9,23.2,22.8,18.1
164,Gordon Hayward,CHA,33,50,20,30,1577.0,19.6,20.1,19.6,14.2,15.0,23.4,21.4,9.9,16.0,14.7,23.7,21.7,16.2,7.5,11.7,10.9,22.3,20.0
165,Dewayne Dedmon,PHI,33,38,23,15,426.0,19.5,24.3,20.1,12.0,11.2,21.0,26.5,42.0,35.6,37.0,13.5,18.1,13.2,57.6,34.0,38.9,29.6,22.3
166,Kris Dunn,UTA,29,22,8,14,568.0,19.5,22.7,20.0,13.0,8.9,17.6,17.7,7.4,21.8,18.6,39.9,20.5,34.7,15.9,26.7,22.1,18.6,21.0
167,Jeremy Sochan,SAS,20,56,15,41,1458.0,19.5,18.8,19.6,10.7,15.0,17.4,18.7,25.3,21.0,22.2,16.6,21.9,18.4,18.4,30.6,24.0,18.4,17.9
168,Jonathan Kuminga,GSW,20,67,38,29,1394.0,19.5,21.6,19.9,12.1,12.6,18.8,23.2,26.7,17.5,19.5,15.2,19.0,18.4,25.8,28.2,24.4,22.8,19.9
169,Chris Paul,PHX,38,59,33,26,1889.0,19.5,17.9,19.3,20.9,20.9,20.0,19.5,6.5,18.0,15.1,48.7,23.9,32.6,10.4,4.6,16.0,18.6,18.5
170,Saddiq Bey,ATL,24,77,24,53,2129.0,19.4,19.2,21.2,28.8,28.6,21.1,19.6,19.6,19.0,19.2,11.5,11.5,20.8,8.0,21.8,13.0,16.3,20.5
171,Trevelin Queen,IND,26,7,2,5,70.0,19.4,11.3,19.2,11.8,25.4,22.7,15.2,23.5,20.9,22.1,18.8,31.8,14.3,50.0,12.5,13.3,18.5,12.9
172,Rui Hachimura,LAL,25,63,38,25,1466.0,19.4,22.7,22.0,16.8,17.4,14.5,15.3,17.4,20.5,19.8,7.9,11.7,10.6,15.9,26.5,13.5,13.8,20.7
173,Luguentz Dort,OKC,24,74,36,38,2272.0,19.4,16.5,19.9,24.5,26.3,21.0,22.1,23.5,14.1,16.6,13.6,15.6,20.8,12.0,20.2,24.0,27.0,18.1
174,Payton Pritchard,BOS,25,48,32,16,643.0,19.3,19.4,21.2,25.8,26.3,6.7,7.1,17.1,13.3,14.2,18.3,19.4,16.5,1.5,17.3,15.3,6.4,18.8
175,De'Andre Hunter,ATL,25,67,35,32,2126.0,19.3,19.3,20.2,21.6,22.1,20.3,20.7,9.5,16.2,14.6,8.5,14.6,11.9,8.1,20.7,24.7,23.9,19.6
176,Luka Samanic,UTA,23,7,2,5,161.0,19.3,16.7,19.1,27.6,30.1,19.1,22.4,0.0,23.3,20.1,15.6,19.6,30.0,18.2,21.4,27.4,18.5,17.8
177,Eugene Omoruyi,DET,26,40,10,30,645.0,19.2,19.0,19.9,17.4,21.1,19.0,21.2,27.6,17.6,20.5,9.2,17.2,25.5,9.1,28.2,29.4,25.4,18.8
178,James Bouknight,CHA,22,34,9,25,515.0,19.2,16.4,20.7,29.5,31.4,11.6,12.9,7.2,17.2,14.9,16.2,17.3,19.7,7.8,18.6,22.5,13.0,17.0
179,Kira Lewis Jr.,NOP,22,25,11,14,235.0,19.2,19.2,20.7,28.3,22.8,17.8,16.3,11.9,16.2,15.3,16.9,15.6,21.7,11.1,33.3,25.0,14.4,19.8
180,Simone Fontecchio,UTA,27,52,25,27,766.0,19.2,17.7,21.5,34.2,33.5,12.2,12.0,15.1,10.5,11.8,10.7,14.8,15.0,9.5,19.8,18.5,11.1,18.6
181,Johnny Davis,WAS,21,28,10,18,423.0,19.2,19.0,21.2,19.8,23.2,10.0,13.6,9.8,18.0,15.9,14.4,13.7,18.5,17.8,17.0,25.8,11.4,17.7
182,OG Anunoby,TOR,25,67,33,34,2386.0,19.2,20.4,19.7,25.8,22.6,15.6,14.6,15.1,15.9,15.7,10.7,22.0,26.0,19.3,28.9,20.5,16.0,20.1
183,Jose Alvarado,NOP,25,61,30,31,1310.0,19.1,17.7,20.8,29.2,29.7,11.7,11.3,9.6,12.5,11.8,26.6,19.4,27.9,9.2,22.7,22.9,13.5,17.7
184,Michael Carter-Williams,ORL,31,4,1,3,44.0,19.1,19.4,18.4,8.3,9.7,28.6,30.4,6.7,19.0,13.9,36.8,22.2,12.5,16.7,33.3,38.5,37.5,19.3
185,Svi Mykhailiuk,CHA,26,32,16,16,468.0,19.1,19.5,20.7,31.6,29.7,15.5,17.6,15.6,11.3,12.3,19.6,15.5,22.7,8.7,21.2,13.7,16.1,20.4
186,Precious Achiuwa,TOR,23,55,30,25,1141.0,19.0,19.8,18.9,10.7,13.9,21.7,23.2,32.8,31.5,31.9,9.0,21.0,16.5,22.6,27.4,21.5,20.4,19.1
187,Tre Jones,SAS,23,68,20,48,1984.0,18.9,18.9,19.3,10.2,12.5,22.4,20.0,11.6,14.9,14.0,39.3,19.4,28.2,5.8,18.7,12.6,23.5,18.6
188,A.J. Lawson,DAL,22,15,5,10,108.0,18.9,26.2,21.5,30.3,23.1,6.7,17.0,35.3,20.0,22.8,4.0,12.5,16.7,0.0,30.0,26.8,14.6,24.2
189,Moses Brown,BKN,23,36,17,19,294.0,18.8,24.4,17.1,0.0,0.0,26.2,37.3,55.3,39.4,44.7,2.8,18.3,10.8,58.3,22.9,36.1,35.7,22.2
190,Jaden Springer,PHI,20,16,13,3,89.0,18.8,21.5,20.7,14.3,13.5,15.4,17.0,25.0,12.9,16.3,17.0,13.0,41.2,33.3,27.3,32.6,13.8,19.9
191,Malaki Branham,SAS,20,66,15,51,1550.0,18.8,19.1,20.6,22.3,25.2,11.6,10.7,8.3,14.7,13.2,14.7,16.2,15.0,5.8,21.6,17.9,10.9,18.4
192,Seth Curry,BKN,32,61,37,24,1211.0,18.8,20.3,21.1,28.7,26.3,12.0,10.3,7.1,10.7,10.1,15.4,14.4,20.3,4.9,14.9,17.2,12.6,20.0
193,Justin Champagnie,BOS,22,5,4,1,34.0,18.8,15.6,23.4,10.0,18.5,0.0,0.0,33.3,26.3,28.6,19.0,0.0,20.0,0.0,66.7,22.2,8.3,13.6
194,Danny Green,CLE,36,11,6,5,139.0,18.7,19.3,20.4,39.0,33.3,3.0,2.6,12.5,13.1,13.0,7.6,19.6,20.7,15.0,6.7,25.4,5.0,20.2
194,Ish Smith,DEN,34,43,25,18,398.0,18.7,15.5,19.1,2.4,5.1,1.9,2.7,6.8,16.6,14.7,45.5,28.9,14.3,18.4,15.4,17.8,9.1,12.5
196,Johnny Juzang,UTA,22,18,6,12,232.0,18.7,18.3,22.6,28.8,33.7,3.1,5.0,13.6,17.5,16.5,7.2,4.5,17.4,11.5,6.9,13.0,4.4,17.4
197,Obi Toppin,NYK,25,67,37,30,1051.0,18.7,20.5,21.3,30.8,30.6,9.4,9.1,10.9,20.5,18.1,12.4,12.8,14.6,11.7,13.5,15.2,8.4,19.8
198,Jordan Nwora,IND,24,62,36,26,1188.0,18.7,19.0,20.2,27.8,24.8,17.0,16.0,19.0,22.4,21.5,13.8,16.7,13.5,10.6,21.1,15.0,15.4,19.7
199,David Duke Jr.,BKN,23,23,10,13,228.0,18.7,19.9,19.6,2.0,9.3,12.5,14.9,20.8,12.1,14.4,21.6,20.7,29.4,4.0,33.3,27.7,19.1,16.7
200,Brook Lopez,MIL,35,78,57,21,2372.0,18.7,22.3,20.1,18.9,18.8,18.7,18.0,28.0,18.6,20.7,7.8,14.9,12.8,66.8,13.7,24.5,18.2,21.4
201,Shaedon Sharpe,POR,20,80,32,48,1779.0,18.6,20.5,20.8,23.7,23.4,10.4,11.5,19.3,15.4,16.2,11.1,14.3,15.1,14.4,20.1,18.2,12.2,19.1
202,Dario Šarić,OKC,29,57,26,31,806.0,18.6,18.4,18.6,21.8,21.9,19.4,18.9,28.0,29.1,28.8,16.4,22.4,16.3,13.2,21.4,27.7,19.3,18.9
203,Landry Shamet,PHX,26,40,19,21,807.0,18.6,16.9,20.0,33.6,33.3,15.1,13.9,6.3,10.3,9.3,21.2,16.1,18.7,5.7,19.0,16.5,14.2,18.6
204,Doug McDermott,SAS,31,64,19,45,1314.0,18.6,20.5,20.8,36.3,31.1,11.7,11.3,7.5,13.1,11.6,12.2,13.9,8.2,5.0,16.9,20.7,10.1,20.9
205,T.J. Warren,PHX,29,42,26,16,687.0,18.5,21.0,21.1,14.7,15.6,11.5,12.1,19.1,19.6,19.5,10.5,10.0,20.2,14.6,12.5,18.8,12.8,19.0
206,Kevin Love,MIA,34,62,35,27,1239.0,18.5,15.7,19.4,32.6,33.9,15.6,14.2,23.8,41.1,37.1,17.9,19.7,9.6,14.8,7.9,21.3,19.6,17.5
207,Udonis Haslem,MIA,43,7,4,3,72.0,18.5,18.5,21.2,12.5,13.6,14.8,15.2,23.5,18.9,20.4,0.0,5.6,6.3,22.2,0.0,27.5,32.3,17.0
208,Nikola Jović,MIA,20,15,7,8,204.0,18.5,17.5,19.1,14.3,21.1,25.7,21.1,23.7,19.0,20.1,9.6,17.9,19.4,20.0,0.0,26.4,22.9,18.4
209,Tari Eason,HOU,22,82,22,60,1767.0,18.4,20.2,20.1,15.5,14.3,14.1,14.3,34.3,25.1,28.1,11.0,16.3,30.9,26.3,26.9,25.5,14.0,18.6
210,Saben Lee,PHX,24,25,15,10,374.0,18.4,16.9,17.5,14.1,12.2,26.9,26.3,12.1,12.2,12.2,33.2,19.5,27.1,2.4,31.7,19.9,26.2,18.6
211,Dennis Schröder,LAL,29,66,37,29,1986.0,18.3,15.5,18.1,16.2,18.0,23.9,22.0,5.4,9.8,8.8,28.1,19.9,20.2,6.0,22.1,19.7,20.5,17.1
212,Jabari Smith Jr.,HOU,20,79,21,58,2451.0,18.3,17.4,19.7,23.5,25.3,17.7,16.9,19.0,26.6,24.5,8.9,13.1,12.7,31.9,11.6,21.8,15.4,18.0
213,Caris LeVert,CLE,28,74,45,29,2237.0,18.3,16.9,18.8,24.8,23.0,15.7,16.3,11.7,15.8,14.8,25.5,19.6,22.9,10.5,16.4,19.1,16.2,17.5
214,Patty Mills,BKN,34,40,18,22,567.0,18.2,17.3,19.6,31.0,31.5,12.1,11.4,6.5,10.7,9.5,19.0,17.4,16.1,4.5,12.1,12.1,12.1,18.1
215,T.J. McConnell,IND,31,75,31,44,1526.0,18.2,21.8,18.6,7.1,5.7,8.4,8.0,13.0,19.3,17.7,49.7,28.0,31.0,5.3,9.4,15.3,14.2,17.8
216,Jock Landale,PHX,27,69,35,34,978.0,18.2,21.0,18.2,7.8,11.0,21.3,22.9,43.8,24.0,29.7,12.3,19.0,11.2,29.1,25.3,26.9,24.7,19.5
217,Skylar Mays,POR,25,6,1,5,189.0,18.2,20.0,19.1,23.5,19.3,20.3,15.1,6.9,15.6,13.8,45.0,18.9,20.7,4.0,36.4,15.9,19.0,20.4
218,Dylan Windler,CLE,26,3,3,0,10.0,18.2,28.6,20.0,50.0,25.0,0.0,0.0,0.0,0.0,0.0,20.0,16.7,50.0,0.0,0.0,0.0,0.0,29.4
219,Will Barton,TOR,32,56,27,29,993.0,18.2,16.7,19.7,31.1,28.0,12.1,11.4,6.7,18.2,15.3,23.9,17.0,17.6,10.9,22.1,13.5,9.1,17.4
220,Julian Champagnie,SAS,22,17,7,10,320.0,18.1,20.3,20.6,40.7,34.2,15.1,13.3,11.5,20.9,18.4,5.3,10.5,15.0,16.1,13.5,20.6,13.0,21.9
221,Chris Duarte,IND,26,46,19,27,897.0,18.1,16.2,19.8,25.2,26.7,16.7,15.4,8.6,16.2,14.1,14.1,14.1,17.1,9.0,16.7,17.7,16.3,17.2
222,Thomas Bryant,DEN,25,59,33,26,1081.0,18.1,23.8,18.7,10.5,8.4,24.1,25.1,47.0,32.6,35.3,5.5,12.8,12.4,37.0,28.4,25.5,23.6,22.6
223,Josh Richardson,NOP,29,65,24,41,1530.0,18.0,18.0,19.8,30.2,29.6,12.6,11.5,12.2,13.4,13.1,21.2,16.6,29.0,17.1,6.6,18.3,16.3,18.4
224,Blake Wesley,SAS,20,37,9,28,669.0,18.0,12.4,17.0,11.7,10.9,11.7,14.0,7.7,15.0,13.1,26.8,28.8,26.9,9.3,30.6,23.1,13.7,12.2
225,Tobias Harris,PHI,30,74,47,27,2436.0,18.0,20.6,20.1,20.1,19.8,11.1,10.7,15.6,21.8,20.5,14.5,13.2,18.5,16.0,22.8,15.4,11.5,18.8
226,Jakob Poeltl,TOR,27,72,26,46,1906.0,18.0,22.4,16.9,0.0,0.1,19.3,24.7,46.7,34.3,38.0,17.8,22.7,19.7,50.9,17.8,27.0,26.7,20.0
227,Jalen Williams,OKC,22,75,36,39,2276.0,18.0,20.3,18.2,13.7,13.5,18.1,17.6,16.3,16.8,16.7,21.5,20.5,25.2,17.3,19.3,18.7,17.1,19.3
228,Aleksej Pokusevski,OKC,21,34,16,18,701.0,17.9,18.0,18.4,23.9,21.5,9.2,11.8,25.6,24.5,24.8,18.7,20.3,18.3,50.6,11.1,19.2,11.6,17.3
229,Evan Fournier,NYK,30,27,15,12,459.0,17.9,14.7,19.6,31.3,32.0,10.5,9.2,3.4,14.5,11.4,17.1,16.1,22.5,8.6,10.5,20.9,9.2,15.8
230,Jae'Sean Tate,HOU,27,31,7,24,677.0,17.8,19.4,17.9,9.5,11.0,18.5,18.9,19.3,16.4,17.3,28.5,20.6,22.3,11.3,24.0,33.7,22.7,18.4
231,Montrezl Harrell,PHI,29,57,35,22,681.0,17.8,21.6,17.2,0.0,1.3,26.1,29.5,50.4,20.0,26.8,10.4,18.0,16.0,36.2,26.8,24.7,35.2,20.0
232,Cedi Osman,CLE,28,77,48,29,1548.0,17.8,18.2,19.7,29.1,28.5,12.4,13.9,8.3,15.5,13.8,14.3,12.4,15.6,7.7,15.8,19.3,16.0,18.4
233,Ziaire Williams,MEM,21,37,21,16,561.0,17.8,17.1,18.9,22.9,26.1,9.0,8.6,12.2,16.3,15.3,11.2,20.7,15.6,9.2,8.3,24.1,15.4,16.4
234,Trevor Hudgins,HOU,24,5,0,5,28.0,17.7,10.5,20.0,28.6,34.8,20.0,16.7,0.0,0.0,0.0,23.1,14.3,0.0,0.0,0.0,7.7,18.2,15.0
235,Nathan Knight,MIN,25,38,19,19,291.0,17.7,18.7,15.5,10.8,10.4,27.5,30.8,38.6,18.3,23.0,9.4,22.8,19.6,18.2,21.9,34.7,25.2,19.6
236,Sandro Mamukelashvili,SAS,24,43,23,20,660.0,17.7,17.4,18.1,16.1,18.2,18.8,20.3,39.8,26.0,29.9,17.4,17.3,16.1,24.0,19.7,21.6,18.7,17.4
237,Gorgui Dieng,SAS,33,31,3,28,358.0,17.7,15.8,17.2,24.4,27.2,9.4,8.1,31.0,32.0,31.8,30.8,30.2,10.3,50.0,15.2,43.2,16.8,15.9
238,Nickeil Alexander-Walker,MIN,24,59,29,30,884.0,17.7,17.0,18.3,25.4,23.4,13.9,15.2,8.4,14.3,13.0,23.5,20.0,24.6,17.6,18.3,22.6,19.1,17.5
239,Sam Merrill,CLE,27,5,4,1,59.0,17.7,20.5,22.4,35.7,38.3,11.8,11.1,0.0,24.3,19.6,14.7,0.0,28.6,0.0,0.0,12.5,7.7,21.0
240,Bol Bol,ORL,23,70,26,44,1505.0,17.7,20.8,17.9,10.3,12.7,13.6,14.2,21.5,31.9,29.5,9.9,21.8,13.5,48.0,11.1,15.1,13.5,18.6
241,Furkan Korkmaz,PHI,25,37,24,13,353.0,17.6,16.5,17.9,23.1,20.4,19.5,20.7,7.7,15.1,13.2,12.0,18.5,13.5,8.8,21.6,11.4,18.5,17.7
242,Marcus Morris Sr.,LAC,33,65,35,30,1825.0,17.6,17.8,20.1,23.3,24.6,10.2,10.4,8.5,17.8,15.8,13.1,10.7,16.6,15.8,12.3,19.2,10.5,17.2
243,Vince Williams Jr.,MEM,22,15,7,8,105.0,17.6,15.6,20.0,25.0,34.6,6.9,4.8,13.8,18.3,16.9,8.0,13.9,30.0,20.0,8.3,33.3,8.1,15.1
244,Josh Minott,MIN,20,15,7,8,96.0,17.6,18.9,19.8,8.0,8.8,19.0,15.7,29.4,27.0,27.5,8.3,11.1,26.7,54.5,46.2,31.3,12.2,17.9
245,Kelly Olynyk,UTA,32,68,28,40,1942.0,17.6,16.0,15.5,17.1,15.5,27.0,24.8,16.9,24.9,22.8,22.6,26.0,26.0,18.2,15.5,28.8,29.6,17.8
246,Marcus Smart,BOS,29,61,43,18,1957.0,17.6,14.4,16.8,18.1,20.2,12.2,13.3,12.7,10.4,10.9,34.1,28.3,33.6,11.5,11.8,22.0,22.3,14.5
247,Kevin Knox II,POR,23,63,12,51,952.0,17.5,19.7,19.1,27.4,27.1,12.2,11.7,17.2,23.6,22.0,7.3,16.9,15.4,15.0,11.1,21.3,10.4,19.3
248,Cody Zeller,MIA,30,15,6,9,217.0,17.5,22.2,15.9,0.0,1.2,25.8,29.4,48.1,30.0,35.2,9.5,19.7,13.0,26.7,21.4,39.3,34.7,20.2
249,Dennis Smith Jr.,CHA,25,54,19,35,1390.0,17.5,16.4,17.8,8.7,12.8,14.9,14.8,9.3,13.8,12.8,37.8,20.3,30.2,15.2,21.8,20.5,13.0,15.5
250,R.J. Hampton,DET,22,47,9,38,750.0,17.5,17.2,18.0,22.3,22.2,19.2,19.9,9.6,14.9,13.4,16.3,16.9,22.1,13.4,15.2,14.9,20.1,18.1
251,MarJon Beauchamp,MIL,22,52,34,18,701.0,17.5,16.6,18.7,22.0,23.3,12.1,12.0,20.1,14.9,16.3,9.9,18.6,19.6,14.0,28.3,25.6,11.0,16.7
252,Chris Boucher,TOR,30,76,39,37,1523.0,17.5,20.5,18.5,20.7,18.9,20.8,21.5,38.2,27.8,31.0,4.3,11.2,16.3,37.0,22.9,22.5,21.2,20.6
253,Tyus Jones,MEM,27,80,51,29,1939.0,17.5,17.6,19.1,22.4,22.1,12.5,11.4,6.4,12.8,11.2,37.8,14.1,23.4,2.7,7.6,3.9,10.5,17.5
254,Shake Milton,PHI,26,76,52,24,1567.0,17.5,17.6,17.9,14.2,14.3,15.0,14.6,13.0,14.5,14.2,29.4,20.8,9.3,8.6,21.8,16.5,16.4,16.8
255,Derrick White,BOS,28,82,57,25,2319.0,17.4,17.2,17.9,18.8,18.9,20.5,19.1,11.7,13.9,13.5,24.4,15.8,18.9,29.6,19.4,20.1,22.1,17.9
256,Josh Okogie,PHX,24,72,38,34,1351.0,17.4,13.8,16.6,20.6,22.2,26.6,28.2,31.9,15.7,20.1,13.8,16.1,25.5,21.8,22.4,20.6,28.8,16.6
257,Tony Bradley,CHI,25,12,5,7,33.0,17.4,20.0,19.7,25.0,17.9,26.7,19.0,33.3,37.0,36.7,4.5,12.5,20.0,25.0,0.0,18.2,14.3,21.8
258,Peyton Watson,DEN,20,23,13,10,186.0,17.4,18.7,17.8,21.4,14.7,21.6,27.0,17.8,23.2,21.8,12.1,13.6,6.7,45.8,20.0,19.4,22.0,19.3
259,Trey Lyles,SAC,27,74,43,31,1247.0,17.4,17.1,18.0,23.8,24.0,18.4,18.3,25.6,27.8,27.3,9.9,17.3,15.4,28.2,18.9,18.7,17.4,18.1
260,AJ Griffin,ATL,19,72,34,38,1401.0,17.4,19.3,20.0,29.4,27.8,8.5,7.6,11.6,11.9,11.9,9.8,11.0,21.1,8.2,15.3,15.3,7.7,18.7
261,Bruce Brown,DEN,26,80,53,27,2279.0,17.4,18.0,18.4,16.9,17.4,13.9,13.8,13.4,17.4,16.4,20.3,17.5,24.8,21.7,18.7,20.9,12.4,17.2
262,Rudy Gay,UTA,36,56,29,27,816.0,17.4,15.3,18.9,14.6,21.2,13.6,12.8,18.4,22.1,21.3,13.7,15.5,16.1,16.7,2.6,19.9,10.6,15.0
263,Brandon Clarke,MEM,26,56,32,24,1090.0,17.4,24.2,17.1,0.4,0.8,24.8,26.0,38.8,27.7,30.2,12.2,17.4,18.6,25.9,15.8,25.9,26.9,21.8
264,Dalen Terry,CHI,20,38,19,19,214.0,17.3,18.6,19.3,16.3,20.8,15.4,17.6,22.2,17.4,18.7,23.4,11.1,28.2,20.8,23.3,29.3,20.0,17.8
265,Gabe York,IND,29,3,1,2,56.0,17.3,14.8,21.2,33.3,40.9,7.7,6.1,0.0,14.6,12.8,12.2,0.0,25.0,0.0,66.7,21.7,14.3,15.8
266,Isaiah Roby,NYK,25,42,9,33,474.0,17.3,16.7,17.5,18.2,17.8,13.3,18.6,18.4,27.6,25.2,15.0,19.0,25.0,19.4,18.4,27.2,19.2,16.4
267,Joshua Primo,SAS,20,4,3,1,93.0,17.3,10.6,14.3,9.7,15.2,23.3,21.4,8.3,17.7,15.1,30.5,33.3,5.9,20.0,30.8,19.5,32.4,12.1
268,Day'Ron Sharpe,BKN,21,48,22,26,552.0,17.3,19.9,16.7,4.6,3.0,14.9,18.7,64.3,29.8,40.6,14.6,22.6,18.8,52.5,33.3,36.0,21.3,17.5
269,Naji Marshall,NOP,25,77,40,37,1792.0,17.2,16.1,17.7,16.7,19.5,18.8,18.6,12.8,19.5,17.9,19.8,18.5,17.8,10.1,21.5,15.0,17.0,16.6
270,Jarrell Brantley,UTA,27,4,0,4,39.0,17.2,25.0,17.1,33.3,22.5,14.3,11.8,7.7,14.3,12.5,14.3,28.6,0.0,28.6,0.0,37.5,7.7,24.4
271,Ricky Rubio,CLE,32,33,23,10,566.0,17.2,13.5,17.6,14.8,20.5,13.8,13.1,8.0,17.5,15.2,36.2,21.2,31.0,10.3,20.7,22.6,17.9,13.7
272,Duncan Robinson,MIA,29,42,19,23,690.0,17.2,16.2,19.7,31.7,32.1,10.7,9.6,6.1,14.4,12.4,13.0,14.0,13.0,0.0,11.6,25.8,11.5,17.2
273,Eric Gordon,LAC,34,69,25,44,1966.0,17.1,17.4,18.4,28.0,26.6,17.2,16.0,3.5,8.7,7.4,19.2,15.8,15.3,11.8,14.6,9.7,14.7,18.4
274,TyTy Washington Jr.,HOU,21,31,6,25,433.0,17.0,15.8,19.4,23.8,27.6,7.0,9.2,1.6,13.5,10.2,21.4,10.4,19.2,5.4,7.5,16.8,10.3,15.1
275,Max Strus,MIA,27,80,42,38,2272.0,17.0,17.9,19.7,34.7,33.4,9.0,8.6,11.0,14.4,13.6,15.3,10.4,11.6,8.8,12.8,18.8,9.7,18.2
276,Gabe Vincent,MIA,27,68,37,31,1759.0,17.0,15.9,18.4,27.5,28.0,9.6,9.5,7.6,10.4,9.7,19.7,18.2,21.2,4.9,14.5,23.0,13.3,16.1
277,Isaiah Joe,OKC,23,73,36,37,1395.0,17.0,18.2,19.3,38.4,36.8,12.2,12.5,9.0,17.0,15.0,12.8,11.0,19.3,8.7,7.6,16.9,15.3,19.4
278,Coby White,CHI,23,74,37,37,1730.0,17.0,17.0,18.9,32.7,31.4,9.1,8.4,4.6,16.3,13.7,23.5,15.5,18.2,4.1,15.5,17.9,13.3,17.2
279,Isaiah Stewart,DET,22,50,12,38,1414.0,17.0,16.9,17.2,17.9,20.2,19.3,20.4,36.3,30.1,31.6,10.1,15.0,10.8,35.4,12.7,21.7,19.6,17.4
280,Greg Brown III,POR,21,16,10,6,93.0,17.0,16.7,17.8,8.3,14.3,13.2,19.0,11.8,23.6,21.3,8.1,17.1,28.6,38.5,33.3,32.5,16.3,15.4
281,JaMychal Green,GSW,33,57,30,27,797.0,16.9,20.1,17.2,15.8,15.4,19.5,20.1,39.8,25.7,29.3,11.3,17.3,20.3,34.3,20.3,28.8,17.8,19.4
282,Malachi Flynn,TOR,25,53,29,24,691.0,16.8,15.2,18.6,33.1,28.9,8.7,9.1,7.7,14.4,12.3,22.8,16.0,16.4,6.3,15.3,21.7,11.2,15.7
283,Mark Williams,CHA,21,43,18,25,828.0,16.8,22.7,16.4,0.0,0.0,24.1,25.9,52.8,33.9,38.1,4.3,16.2,21.2,48.9,22.7,28.9,24.4,20.7
284,Harrison Barnes,SAC,31,82,48,34,2662.0,16.8,15.5,16.3,18.1,17.7,28.9,27.3,16.5,15.2,15.5,8.7,12.5,15.0,6.1,14.0,9.9,24.2,18.2
285,Chimezie Metu,SAC,26,66,41,25,689.0,16.8,20.6,17.2,4.8,7.3,18.9,20.4,37.6,30.4,31.9,10.4,17.2,22.0,36.2,18.6,27.0,19.9,18.6
286,John Collins,ATL,25,71,37,34,2130.0,16.8,18.1,17.4,15.8,18.7,17.7,18.0,16.2,26.0,23.6,7.6,14.1,13.8,35.3,21.8,28.2,21.3,17.8
287,Aaron Nesmith,IND,23,73,30,43,1816.0,16.8,15.9,17.6,21.5,22.4,17.3,16.6,17.7,18.4,18.2,9.5,14.0,20.4,14.7,22.0,29.0,19.1,16.8
288,Jeff Green,DEN,36,56,33,23,1091.0,16.7,18.0,17.3,12.6,15.3,21.9,21.9,17.0,14.2,14.9,12.4,13.2,12.1,17.2,17.7,20.3,21.5,18.1
289,Malcolm Hill,CHI,27,5,4,1,9.0,16.7,20.0,22.2,33.3,50.0,0.0,0.0,0.0,25.0,23.1,0.0,0.0,0.0,0.0,0.0,20.0,0.0,20.8
290,Mo Bamba,LAL,25,49,25,24,768.0,16.6,18.0,17.5,22.1,21.5,15.2,17.9,36.0,29.7,31.1,12.5,13.9,14.9,46.7,19.4,31.3,17.9,18.1
291,Cam Reddish,POR,23,40,14,26,990.0,16.6,17.2,17.4,18.9,19.8,15.4,14.4,8.9,11.1,10.6,12.2,16.4,24.7,15.4,20.8,17.4,13.1,17.0
292,Terrence Ross,PHX,32,63,27,36,1331.0,16.6,17.5,19.0,29.8,27.4,5.3,5.3,7.8,14.4,12.9,14.3,11.9,21.1,7.4,13.6,15.7,6.2,16.7
293,Theo Maledon,CHA,22,44,14,30,854.0,16.6,14.2,16.4,16.5,17.6,18.1,16.3,7.0,19.2,16.1,36.1,22.0,29.4,13.6,14.9,17.5,14.9,15.1
294,Isaiah Mobley,CLE,23,12,8,4,84.0,16.6,17.6,19.7,13.6,13.1,18.2,16.7,28.6,25.8,26.3,6.8,3.6,21.1,27.3,20.0,25.0,13.6,17.2
295,Jason Preston,LAC,23,14,4,10,124.0,16.6,17.0,16.9,23.8,28.1,0.0,2.8,4.7,22.7,16.8,44.3,28.6,10.5,0.0,0.0,13.2,3.7,14.3
296,Devonte' Graham,SAS,28,73,31,42,1338.0,16.5,14.5,17.4,35.7,34.3,18.8,19.3,6.2,11.7,10.3,27.5,13.2,20.6,15.1,7.5,13.6,19.0,17.6
297,Taurean Prince,MIN,29,54,31,23,1193.0,16.5,16.6,17.4,23.1,22.4,14.2,13.2,7.0,14.5,12.9,12.4,18.6,14.3,12.0,14.0,22.0,16.5,16.9
298,Darius Bazley,PHX,23,43,19,24,616.0,16.5,16.1,16.4,14.4,13.6,18.7,25.4,25.0,23.9,24.2,13.0,14.8,21.6,42.5,32.1,17.6,22.5,16.4
299,Jordan Goodwin,WAS,24,62,22,40,1105.0,16.5,17.1,17.7,16.5,16.2,12.3,12.0,22.8,18.7,19.7,31.9,16.6,32.8,22.0,24.3,21.0,16.1,16.2
300,Jalen McDaniels,PHI,25,80,31,49,1913.0,16.5,16.9,17.2,18.0,18.0,15.5,14.4,13.9,21.9,19.8,13.3,17.2,26.0,18.0,19.7,24.7,15.3,16.7
301,Keita Bates-Diop,SAS,27,67,18,49,1453.0,16.5,18.5,16.9,17.7,15.6,23.4,22.4,20.0,18.8,19.1,12.6,13.2,21.2,18.2,24.0,11.0,17.4,19.2
302,Deni Avdija,WAS,22,76,33,43,2020.0,16.5,14.6,16.1,13.9,17.0,15.7,17.0,19.2,28.3,26.4,19.5,21.0,21.7,14.2,18.4,27.1,16.2,14.7
303,Isaiah Jackson,IND,21,63,24,39,1042.0,16.5,20.0,16.2,0.8,2.0,21.9,25.8,40.5,25.1,29.6,9.0,14.1,17.6,63.3,22.2,32.4,25.2,18.3
304,Jabari Walker,POR,20,56,21,35,619.0,16.4,16.3,17.7,10.6,12.8,15.0,15.2,39.0,21.7,25.9,11.4,14.2,11.6,18.3,22.0,24.9,15.7,15.5
305,Jarrett Culver,ATL,24,10,5,5,137.0,16.4,13.4,15.6,3.7,12.5,23.1,25.5,24.4,31.8,29.5,11.1,18.9,30.0,18.2,30.8,25.9,27.8,13.8
305,Quenton Jackson,WAS,24,9,3,6,135.0,16.4,16.4,16.8,3.1,12.9,32.1,31.0,6.3,6.6,6.5,22.4,8.3,13.8,7.7,18.8,16.9,35.6,17.7
307,Mamadi Diakite,CLE,26,22,15,7,176.0,16.4,17.3,17.2,17.5,18.3,4.5,3.8,30.8,21.6,23.4,10.5,21.4,13.8,52.9,18.8,37.7,6.8,15.7
308,Tyrese Martin,ATL,24,16,10,6,66.0,16.4,16.7,18.0,5.3,12.1,11.8,9.5,26.3,16.3,19.4,5.9,15.4,11.1,0.0,22.2,12.5,8.3,14.6
309,David Roddy,MEM,22,70,44,26,1259.0,16.3,16.3,17.7,20.8,23.2,9.2,10.7,14.6,16.1,15.7,8.6,14.5,13.8,14.7,19.2,21.7,11.2,15.7
310,De'Anthony Melton,PHI,25,77,50,27,2150.0,16.2,15.7,17.6,26.9,26.5,7.3,7.9,17.8,17.2,17.3,18.0,16.7,36.4,18.4,12.7,22.1,8.7,15.4
311,Kyle Lowry,MIA,37,55,30,25,1718.0,16.2,14.0,15.7,25.2,24.8,17.0,16.5,12.5,16.6,15.6,32.4,22.8,21.1,20.2,15.3,21.7,18.8,15.7
312,Jarrett Allen,CLE,25,68,44,24,2220.0,16.2,20.7,16.1,0.2,0.7,20.7,22.0,46.7,30.3,34.3,9.7,14.7,16.4,41.2,24.6,18.2,23.9,18.6
313,Georges Niang,PHI,30,78,51,27,1512.0,16.2,17.6,19.0,37.8,36.4,6.0,5.7,7.0,16.7,14.6,10.0,11.9,12.6,9.3,8.4,20.7,8.1,17.8
314,Shaquille Harrison,LAL,29,5,1,4,120.0,16.2,13.3,15.4,8.1,10.8,33.3,31.3,3.4,28.4,21.4,38.0,16.2,44.0,15.4,22.2,22.2,30.8,14.9
315,Rudy Gobert,MIN,31,70,34,36,2148.0,16.1,19.3,14.3,0.0,0.2,29.3,33.7,52.0,38.7,41.7,7.8,17.0,17.1,42.6,24.1,24.1,35.3,18.9
316,Mike Conley,MIN,35,67,34,33,2028.0,16.1,14.6,16.3,21.9,22.0,18.1,16.7,6.9,11.1,10.0,39.0,17.7,25.8,7.4,7.3,16.5,19.8,16.1
317,McKinley Wright IV,DAL,24,27,14,13,335.0,16.0,17.9,16.6,8.9,9.5,12.7,13.9,16.4,17.0,16.9,35.2,19.8,24.2,16.1,29.2,17.1,16.5,15.9
318,KJ Martin,HOU,22,82,22,60,2292.0,16.0,20.8,17.0,13.9,14.2,15.9,17.8,20.0,21.0,20.7,11.0,11.9,11.8,14.6,18.7,14.5,15.3,19.3
319,Omer Yurtseven,MIA,25,9,5,4,83.0,15.9,21.9,17.2,10.7,8.6,13.5,13.0,38.1,29.4,31.9,4.5,18.2,15.4,33.3,100.0,42.1,24.3,19.0
320,Markieff Morris,DAL,33,35,17,18,355.0,15.9,14.7,17.6,28.9,27.5,7.2,5.7,22.8,21.2,21.5,14.6,17.0,19.6,12.5,0.0,28.2,6.3,15.1
321,Trey Murphy III,NOP,23,79,39,40,2448.0,15.9,18.0,18.0,34.8,32.5,18.5,16.4,11.5,13.3,12.8,8.5,8.0,22.2,21.5,10.8,14.9,13.0,19.7
322,Bruno Fernando,ATL,24,39,13,26,405.0,15.9,18.2,15.2,0.0,1.4,23.2,25.6,42.2,28.1,32.4,17.8,16.4,12.8,59.6,23.3,38.5,27.3,17.2
323,Andrew Nembhard,IND,23,75,32,43,2074.0,15.9,15.6,16.7,15.2,16.2,6.6,6.5,8.7,12.1,11.3,28.7,20.1,22.6,5.1,11.6,19.0,14.0,14.2
324,Serge Ibaka,MIL,33,16,11,5,185.0,15.9,19.0,16.5,11.3,12.0,13.3,13.7,34.1,21.6,24.7,4.9,18.0,7.7,46.7,13.0,33.8,14.3,17.1
325,AJ Green,MIL,23,35,27,8,345.0,15.9,18.2,19.5,31.2,29.8,5.0,3.4,7.1,15.1,13.1,11.9,7.4,13.3,0.0,3.0,22.5,3.6,19.2
326,Trendon Watford,POR,22,62,26,36,1182.0,15.8,18.4,15.8,9.1,8.0,14.4,16.0,17.9,27.1,24.9,23.0,18.3,18.0,13.2,12.8,23.2,18.8,16.8
327,Nassir Little,POR,23,54,22,32,976.0,15.8,16.8,17.7,23.4,23.0,8.3,9.3,13.6,19.0,17.7,10.8,12.2,16.4,26.0,22.1,16.8,8.9,16.0
328,Matt Ryan,MIN,26,34,15,19,310.0,15.7,14.5,19.3,35.6,34.1,7.5,7.2,7.1,10.0,9.5,9.9,7.0,13.9,3.4,11.1,20.9,7.5,15.7
329,Santi Aldama,MEM,22,77,47,30,1682.0,15.7,16.2,16.4,22.1,22.1,18.0,17.7,21.6,24.0,23.4,10.9,12.7,15.9,27.9,11.0,21.8,18.0,17.1
330,JD Davison,BOS,20,12,11,1,66.0,15.7,14.5,16.8,8.7,12.7,9.1,13.3,20.0,14.0,15.0,28.9,16.0,22.2,40.0,16.7,23.8,13.3,13.2
331,Dereon Seabron,NOP,23,5,2,3,12.0,15.6,20.0,20.8,0.0,0.0,0.0,0.0,20.0,0.0,5.9,0.0,0.0,0.0,0.0,33.3,100.0,0.0,13.8
332,Jaden McDaniels,MIN,22,79,41,38,2416.0,15.6,17.1,16.4,17.4,16.7,12.8,13.1,19.5,12.9,14.4,11.1,14.5,18.2,26.2,14.7,24.9,13.2,16.5
333,Robin Lopez,CLE,35,37,25,12,298.0,15.6,21.0,14.4,2.4,1.9,15.6,15.4,39.0,14.7,20.4,15.4,25.5,5.6,34.8,22.6,32.1,22.3,17.8
334,Keegan Murray,SAC,22,80,47,33,2382.0,15.6,16.2,17.8,28.9,26.9,7.0,7.0,18.9,17.4,17.7,7.0,9.5,17.4,26.4,20.5,17.4,8.2,16.3
335,Jalen Johnson,ATL,21,70,35,35,1042.0,15.6,16.8,16.3,13.2,15.6,13.2,16.7,21.3,32.7,29.8,15.5,14.1,22.6,29.1,20.2,25.5,14.2,15.9
336,Patrick Williams,CHI,21,82,40,42,2323.0,15.6,15.5,16.4,21.5,19.9,11.7,11.1,20.6,15.4,16.4,8.5,15.7,19.9,32.0,17.5,16.2,12.3,15.6
337,Jay Huff,WAS,25,7,2,5,95.0,15.5,16.9,13.8,25.0,17.4,31.9,26.7,27.3,24.6,25.3,18.5,18.5,15.0,44.4,0.0,38.5,24.4,20.5
338,Leandro Bolmaro,UTA,22,14,8,6,68.0,15.5,4.9,14.5,0.0,8.0,0.0,0.0,19.0,6.4,10.3,22.6,36.8,30.0,7.7,14.3,32.3,33.3,4.1
339,Monté Morris,WAS,28,62,28,34,1696.0,15.5,15.9,16.8,19.0,18.6,10.5,10.1,9.1,15.3,14.1,34.2,13.4,21.3,7.6,11.7,11.7,11.1,15.4
340,Davis Bertans,DAL,30,45,20,25,492.0,15.5,17.5,18.7,34.4,31.5,6.8,5.9,14.1,13.7,13.7,8.5,7.9,19.3,21.1,7.7,21.4,12.2,18.1
341,Bryn Forbes,MIN,29,25,9,16,268.0,15.5,13.3,17.3,22.6,24.2,13.3,10.4,7.3,6.2,6.4,13.3,14.0,15.9,6.9,18.5,19.1,10.3,14.2
342,Damion Lee,PHX,30,74,40,34,1506.0,15.5,15.7,16.1,27.9,23.3,17.0,14.3,9.6,18.4,15.9,12.1,16.0,13.3,4.2,9.9,16.8,15.2,17.3
343,Oshae Brissett,IND,25,65,27,38,1083.0,15.5,13.3,16.0,17.5,20.3,21.8,23.6,22.2,22.8,22.7,7.7,9.4,17.8,10.9,17.9,16.6,17.6,15.3
344,Nic Claxton,BKN,24,76,41,35,2271.0,15.5,20.8,14.8,0.0,0.1,17.6,25.3,50.8,33.1,36.4,11.6,15.8,19.3,56.8,15.3,22.0,25.3,18.0
345,Ousmane Dieng,OKC,20,39,20,19,569.0,15.4,15.2,16.3,17.0,21.5,7.9,9.3,12.8,22.2,19.6,15.5,17.6,16.1,14.3,10.1,18.1,8.6,14.4
346,Austin Reaves,LAL,25,64,35,29,1843.0,15.4,15.7,14.7,21.8,18.9,25.3,23.0,8.5,11.8,11.0,22.3,17.6,14.0,9.9,10.7,15.9,25.7,18.1
347,Jordan Schakel,WAS,25,2,0,2,6.0,15.4,14.3,15.4,50.0,20.0,0.0,0.0,0.0,0.0,0.0,33.3,0.0,100.0,0.0,0.0,50.0,50.0,18.8
348,Ochai Agbaji,UTA,23,59,29,30,1209.0,15.4,15.0,17.0,26.7,25.2,11.9,11.3,13.7,8.5,9.8,10.0,10.5,12.0,9.9,15.6,20.2,10.0,15.7
349,Carlik Jones,CHI,25,7,4,3,56.0,15.3,11.8,14.0,21.4,15.0,22.7,24.2,7.1,10.0,9.3,25.0,22.2,15.4,0.0,33.3,12.5,25.0,14.5
350,Charles Bassey,SAS,22,35,9,26,508.0,15.2,19.2,14.1,2.5,2.3,13.3,16.7,54.3,34.3,40.0,18.5,23.2,21.6,55.9,10.3,34.3,15.2,16.7
351,James Johnson,IND,36,18,7,11,162.0,15.2,16.5,16.7,8.3,11.9,6.7,8.9,10.8,24.5,21.0,18.5,14.5,21.9,60.0,21.4,41.6,9.1,14.1
352,Paul Reed,PHI,24,69,44,25,755.0,15.2,19.0,15.2,0.5,1.2,15.0,15.9,56.9,30.3,37.9,7.0,19.5,32.4,59.3,24.3,32.5,16.4,16.5
353,Clint Capela,ATL,29,65,35,30,1730.0,15.1,21.2,15.8,0.0,0.1,12.6,16.6,56.7,38.6,43.6,6.3,11.9,18.8,48.5,15.6,22.6,18.0,18.2
354,Taj Gibson,WAS,38,49,21,28,480.0,15.1,15.3,14.5,6.6,7.3,22.4,22.0,38.1,19.7,23.6,13.9,19.4,20.5,35.3,18.6,40.8,20.6,15.2
355,Nick Richards,CHA,25,65,21,44,1218.0,15.1,19.2,13.8,0.4,0.1,29.7,30.6,50.7,31.6,36.4,6.4,15.9,5.8,45.8,24.2,29.3,29.0,19.1
356,Jay Scrubb,ORL,22,2,1,1,30.0,15.1,21.7,14.0,25.0,9.5,10.0,14.3,0.0,42.9,33.3,7.1,21.4,33.3,0.0,33.3,28.6,9.1,20.3
357,Onyeka Okongwu,ATL,22,80,41,39,1849.0,15.0,19.0,14.4,0.9,1.1,21.9,23.5,53.2,28.1,34.2,8.8,15.9,19.4,52.2,21.3,32.5,22.3,17.7
358,Kennedy Chandler,MEM,20,36,22,14,282.0,15.0,14.3,15.4,3.3,7.7,8.3,12.1,10.8,15.8,14.2,37.7,17.1,24.0,16.7,27.5,14.4,15.9,12.6
359,Cory Joseph,DET,31,62,12,50,1227.0,14.9,15.0,15.9,23.0,21.4,11.8,11.2,6.9,11.1,9.9,37.5,15.9,19.9,9.8,14.1,15.8,14.3,15.3
360,Daishen Nix,HOU,21,57,15,42,914.0,14.9,10.5,13.9,22.1,22.4,7.5,8.6,6.8,13.7,11.5,29.4,26.6,19.1,8.3,10.0,16.1,10.8,11.0
361,Jaxson Hayes,NOP,23,47,22,25,610.0,14.9,18.2,14.3,2.3,7.1,21.6,23.9,26.9,22.4,23.5,11.4,16.5,17.7,33.9,12.7,26.8,21.9,17.3
362,Zeke Nnaji,DEN,22,53,34,19,728.0,14.9,19.5,15.5,10.4,12.9,18.2,20.7,42.2,14.9,21.5,5.5,13.1,14.3,29.5,16.9,29.2,23.9,18.3
363,Jevon Carter,MIL,27,81,57,24,1812.0,14.9,15.4,16.8,25.6,22.2,5.5,5.1,8.6,12.0,11.2,21.0,14.2,27.7,13.7,10.8,22.5,7.5,15.4
364,Terance Mann,LAC,26,81,44,37,1872.0,14.9,17.1,15.7,15.9,15.7,12.9,12.8,18.8,16.3,16.9,19.6,14.9,16.0,13.6,17.9,20.3,14.5,16.2
365,Robert Covington,LAC,32,48,20,28,779.0,14.9,15.8,16.4,26.7,24.5,10.0,9.6,19.3,25.2,23.9,15.0,14.3,30.6,38.8,10.3,24.6,10.7,16.1
366,Mason Plumlee,LAC,33,79,28,51,2053.0,14.9,18.2,12.5,0.0,0.0,26.1,31.0,48.6,35.0,38.5,21.3,20.0,14.0,28.0,17.4,24.8,29.2,17.6
367,Ivica Zubac,LAC,26,76,43,33,2169.0,14.9,17.4,13.4,0.0,0.1,23.2,26.0,54.9,33.5,38.2,7.2,18.1,9.8,50.5,26.7,27.0,26.8,16.3
368,Stanley Johnson,SAS,27,30,5,25,469.0,14.8,14.8,13.8,17.5,14.2,18.3,20.0,18.0,23.6,22.0,25.7,21.3,27.6,19.4,18.4,22.5,18.6,15.5
369,Lindy Waters III,OKC,25,41,20,21,531.0,14.8,15.0,17.5,33.7,34.2,7.3,7.6,13.9,15.2,14.9,9.8,7.2,15.2,32.4,6.3,19.7,5.9,16.2
370,Romeo Langford,SAS,23,43,14,29,844.0,14.8,16.2,15.8,10.0,11.9,13.7,14.7,22.6,9.9,13.8,11.1,11.5,21.2,17.1,13.5,19.0,18.3,15.3
371,Ty Jerome,GSW,25,45,22,23,816.0,14.7,16.9,16.5,13.7,13.1,13.7,11.7,4.1,14.0,11.5,29.3,10.8,18.5,9.1,13.6,19.0,12.7,16.0
372,Bryce McGowens,CHA,20,46,16,30,787.0,14.7,12.7,14.5,18.6,17.9,17.8,17.7,12.6,13.1,13.0,13.6,16.8,12.8,5.6,18.4,14.9,18.9,14.1
373,Goga Bitadze,ORL,23,38,13,25,457.0,14.7,17.8,14.5,5.9,8.1,14.4,20.2,45.9,24.0,30.4,17.0,15.3,20.8,44.8,19.6,30.0,23.1,16.1
374,Vernon Carey Jr.,UTA,22,11,8,3,28.0,14.7,12.5,15.1,0.0,0.0,16.7,15.4,27.3,38.1,34.4,33.3,18.2,50.0,50.0,12.5,33.3,16.7,12.8
375,Donte DiVincenzo,GSW,26,72,42,30,1894.0,14.6,14.1,15.3,21.8,21.6,8.9,8.6,18.3,18.3,18.3,21.7,17.0,32.1,6.4,9.2,15.8,15.5,14.5
376,Frank Kaminsky,HOU,30,36,13,23,235.0,14.6,15.8,14.8,19.4,17.4,15.6,14.3,21.2,31.0,29.2,27.4,19.1,18.2,26.7,10.0,30.6,13.6,16.2
377,Daniel Gafford,WAS,24,78,32,46,1604.0,14.6,20.4,13.5,0.0,0.0,23.6,27.0,47.4,23.7,29.2,10.2,17.5,15.5,51.0,14.9,31.9,27.7,18.9
378,Mike Muscala,BOS,31,63,32,31,945.0,14.6,15.3,16.5,27.5,27.2,10.2,10.5,19.4,24.6,23.4,9.6,9.0,11.1,27.6,11.1,25.2,11.8,16.0
379,Marko Simonovic,CHI,23,7,3,4,20.0,14.5,10.0,16.7,20.0,26.7,12.5,18.2,20.0,9.1,12.5,0.0,0.0,0.0,0.0,0.0,62.5,16.7,11.3
380,Ayo Dosunmu,CHI,23,80,40,40,2098.0,14.5,15.6,15.2,13.4,15.3,9.0,9.1,12.3,11.5,11.7,19.3,16.6,18.8,13.8,22.3,22.8,8.9,14.4
381,Alize Johnson,SAS,27,4,1,3,30.0,14.5,11.1,10.3,0.0,8.3,9.1,15.4,18.2,29.6,26.3,6.7,40.0,25.0,0.0,0.0,27.3,30.8,10.0
382,Luke Kennard,MEM,27,59,37,22,1315.0,14.4,15.8,15.8,33.3,27.0,8.7,7.1,6.3,15.6,13.7,13.3,13.8,15.8,3.6,9.9,15.1,7.7,17.0
383,Herbert Jones,NOP,24,66,31,35,1951.0,14.4,13.5,14.2,12.6,14.5,16.5,17.2,22.1,12.9,15.2,15.2,15.2,30.8,23.7,19.7,24.2,17.2,13.9
384,Facundo Campazzo,DAL,32,8,2,6,52.0,14.4,9.1,15.3,20.0,24.4,3.7,6.1,0.0,5.4,4.5,39.1,23.1,75.0,0.0,11.1,14.3,6.9,9.3
385,Aaron Wiggins,OKC,24,70,37,33,1297.0,14.3,16.3,14.9,14.7,13.6,11.8,11.4,22.4,16.6,18.2,12.0,16.0,17.3,14.6,22.8,20.4,11.9,15.4
386,Alondes Williams,BKN,24,1,1,0,5.0,14.3,0.0,0.0,0.0,0.0,0.0,0.0,0.0,33.3,20.0,0.0,50.0,0.0,0.0,0.0,33.3,0.0,0.0
386,Isaiah Todd,WAS,21,6,2,4,61.0,14.3,6.1,15.8,6.7,20.0,10.5,7.4,11.8,20.8,18.5,13.3,11.1,8.3,0.0,14.3,15.4,5.0,6.8
386,Jeremiah Robinson-Earl,OKC,22,43,16,27,814.0,14.3,15.0,15.8,17.8,19.5,11.3,11.5,35.1,20.1,24.2,10.0,8.6,17.6,16.2,14.0,21.7,11.3,14.7
386,Kyle Anderson,MIN,29,69,36,33,1957.0,14.3,14.4,14.2,8.8,8.1,13.4,13.4,19.0,23.1,22.3,30.4,17.5,22.2,27.4,11.7,17.5,15.0,13.7
390,Grayson Allen,MIL,27,72,53,19,1972.0,14.3,13.9,15.2,23.9,22.3,16.9,14.1,14.3,11.4,12.0,15.2,12.3,23.4,6.3,14.1,16.8,15.1,15.6
391,Caleb Martin,MIA,27,71,38,33,2078.0,14.3,15.1,15.1,16.3,16.1,11.2,11.5,22.4,19.4,20.1,11.2,13.6,21.4,22.8,15.2,18.1,14.1,14.6
392,Ben Simmons,BKN,26,42,24,18,1105.0,14.2,13.3,12.1,0.0,0.3,7.9,14.3,24.7,30.1,29.1,38.8,28.9,34.8,14.5,13.7,27.6,18.7,11.0
393,Quentin Grimes,NYK,23,71,41,30,2121.0,14.2,15.3,15.4,26.3,25.4,9.3,8.9,9.2,12.1,11.3,14.8,13.2,17.6,14.3,10.4,21.7,9.1,15.6
394,Davon Reed,LAL,28,43,29,14,343.0,14.2,10.8,14.9,23.6,21.9,13.1,14.7,15.6,20.6,19.5,14.6,14.6,27.3,16.0,18.8,22.9,11.5,12.5
395,Sam Hauser,BOS,25,80,55,25,1290.0,14.1,16.2,16.8,30.4,27.9,2.8,3.2,12.9,17.6,16.5,10.0,7.6,18.5,13.6,5.5,20.4,4.1,16.4
396,Neemias Queta,SAC,23,5,1,4,29.0,14.1,28.6,16.4,0.0,0.0,0.0,15.4,100.0,33.3,47.8,7.7,9.1,0.0,66.7,0.0,38.9,18.2,22.2
397,Miles McBride,NYK,22,64,36,28,760.0,14.1,12.2,15.5,18.7,22.1,10.2,10.9,6.2,6.9,6.7,19.0,12.3,35.2,15.1,17.5,18.3,13.4,12.7
398,Joe Harris,BKN,31,74,40,34,1527.0,14.1,15.3,16.3,32.4,28.6,3.5,4.2,9.9,14.1,13.3,12.0,9.2,15.7,7.1,17.5,20.1,3.9,15.7
399,Moses Moody,GSW,21,63,37,26,817.0,14.1,15.3,15.3,18.4,18.8,13.1,14.6,15.9,13.5,14.1,11.0,11.6,16.4,12.3,15.2,15.7,16.6,15.4
400,Davion Mitchell,SAC,24,80,47,33,1447.0,14.0,14.5,15.6,15.0,17.5,4.5,4.5,6.4,9.2,8.6,21.5,15.4,21.4,16.1,9.8,18.5,15.5,12.9
401,Josh Green,DAL,22,60,27,33,1539.0,14.0,16.0,14.2,14.4,13.4,11.0,11.5,22.4,13.3,15.2,13.7,18.4,18.1,4.8,19.2,23.2,16.9,14.9
402,Meyers Leonard,MIL,31,9,6,3,114.0,14.0,14.1,13.7,17.5,17.8,25.0,23.1,46.2,28.2,32.7,1.7,17.1,18.2,0.0,20.0,44.4,27.3,15.9
403,Chance Comanche,POR,27,1,0,1,21.0,14.0,20.0,13.5,0.0,0.0,11.1,30.8,66.7,14.3,30.0,0.0,0.0,0.0,50.0,0.0,0.0,36.4,16.3
404,Wendell Moore Jr.,MIN,21,29,16,13,153.0,13.9,14.0,15.6,8.0,17.5,7.0,6.4,12.1,13.5,13.1,24.3,15.7,28.6,23.8,23.1,19.4,12.5,12.4
405,Steven Adams,MEM,29,42,28,14,1133.0,13.9,14.7,11.8,0.0,0.1,10.6,20.1,58.8,31.5,39.6,16.7,24.4,20.6,34.1,11.3,22.4,23.9,12.7
406,Nate Williams,POR,24,5,1,4,127.0,13.9,19.4,15.2,10.0,9.2,7.1,7.3,33.3,6.6,14.2,12.8,11.4,14.3,10.0,18.2,28.3,6.7,17.3
407,Justise Winslow,POR,27,29,15,14,776.0,13.9,12.8,14.4,7.3,8.6,6.8,7.4,24.7,18.4,20.2,24.8,17.8,28.8,15.5,18.3,25.8,8.0,11.2
408,Admiral Schofield,ORL,26,37,14,23,451.0,13.9,15.4,14.8,20.5,20.3,13.6,11.9,24.7,13.5,16.3,15.0,12.6,11.1,12.2,12.2,31.3,15.6,15.7
409,Garrison Mathews,ATL,26,54,16,38,686.0,13.9,13.7,16.0,37.7,33.9,17.6,14.7,5.6,12.5,10.6,8.2,7.6,20.9,5.8,2.3,20.2,16.0,17.1
410,Jalen Duren,DET,19,67,16,51,1670.0,13.9,19.1,13.3,0.0,0.2,13.5,17.0,54.9,34.3,40.1,9.5,17.0,18.0,48.8,17.9,23.2,16.9,16.2
411,Jamal Cain,MIA,24,18,10,8,240.0,13.9,19.0,15.7,12.1,11.5,16.3,17.6,25.4,21.1,22.2,10.8,6.7,23.9,5.3,13.3,20.8,14.9,17.8
412,Corey Kispert,WAS,24,74,31,43,2093.0,13.9,15.8,15.5,32.5,27.2,10.1,9.3,8.8,11.7,11.1,7.7,9.2,11.0,4.5,15.7,12.1,8.3,16.7
413,Thanasis Antetokounmpo,MIL,30,37,25,12,206.0,13.8,13.2,13.5,0.0,4.8,17.2,25.9,38.5,20.3,24.2,15.8,14.0,12.0,20.0,26.3,31.4,19.7,12.1
414,Derrick Jones Jr.,CHI,26,64,29,35,893.0,13.8,14.9,14.4,15.0,15.1,15.5,16.9,33.9,15.0,19.1,7.7,9.9,19.2,39.8,19.2,24.3,15.6,15.0
415,Xavier Sneed,CHA,25,4,0,4,48.0,13.6,14.3,12.8,33.3,19.4,40.0,28.6,0.0,14.7,13.9,20.0,14.3,0.0,11.1,12.5,29.2,20.0,19.1
416,Jarred Vanderbilt,LAL,24,78,43,35,1880.0,13.6,15.3,13.2,5.3,6.1,12.8,14.8,39.6,32.9,34.6,18.1,16.9,30.4,14.3,16.7,24.2,17.7,13.7
417,Royce O'Neale,BKN,30,76,42,34,2409.0,13.6,11.1,14.2,24.4,24.3,6.0,6.5,14.5,20.4,19.3,21.8,16.5,19.0,14.7,15.1,22.4,9.7,11.9
418,Theo Pinson,DAL,27,40,19,21,323.0,13.6,11.7,14.7,20.4,20.5,9.2,8.6,18.2,24.4,23.2,27.2,14.6,19.4,3.6,15.2,23.1,10.4,12.5
419,Kentavious Caldwell-Pope,DEN,30,76,51,25,2381.0,13.6,12.8,14.5,22.2,20.8,11.7,10.9,7.0,10.7,9.8,11.6,12.7,28.3,15.9,4.7,16.8,14.2,13.6
420,Xavier Tillman,MEM,24,61,40,21,1180.0,13.6,17.6,13.5,1.3,1.7,13.5,17.9,46.0,23.0,28.7,15.0,13.4,24.6,21.2,25.0,20.8,17.0,15.3
421,Anthony Lamb,GSW,25,62,36,26,1195.0,13.6,14.6,14.5,18.0,18.4,10.6,11.2,21.1,19.4,19.8,13.6,12.7,17.8,23.0,11.0,25.7,14.3,14.5
422,Ron Harper Jr.,TOR,23,9,6,3,48.0,13.6,17.8,16.5,30.0,27.3,6.7,4.5,16.7,11.8,13.5,16.0,0.0,0.0,25.0,33.3,20.0,7.7,17.4
423,Bismack Biyombo,PHX,30,61,33,28,874.0,13.6,16.0,12.4,0.0,0.0,8.4,17.5,37.6,28.6,31.1,11.5,22.0,13.5,61.5,12.9,29.8,22.3,12.9
423,Lamar Stevens,CLE,25,62,39,23,1120.0,13.6,13.7,14.9,11.5,13.0,10.8,12.1,23.2,22.4,22.6,5.9,8.9,16.6,18.3,33.0,19.2,10.1,13.0
425,Wenyen Gabriel,LAL,26,68,37,31,1024.0,13.5,17.3,13.9,4.4,5.5,12.0,14.7,49.8,22.0,28.5,7.1,15.3,22.4,37.6,17.1,36.1,19.0,15.2
426,Rodney McGruder,DET,31,32,4,28,524.0,13.5,13.5,15.3,32.0,27.9,9.9,9.0,13.6,17.1,16.0,10.7,6.8,18.4,2.4,14.5,17.7,12.9,14.9
427,Kenrich Williams,OKC,28,53,26,27,1206.0,13.4,16.7,15.1,16.7,15.7,3.9,7.0,31.7,20.9,23.9,17.3,10.0,21.1,14.3,10.7,19.2,13.7,14.7
428,Vlatko Čančar,DEN,26,60,38,22,889.0,13.4,14.5,14.5,19.1,18.8,12.7,10.3,13.0,17.9,16.7,16.5,12.7,16.3,14.0,10.1,22.7,13.3,14.7
429,DeAndre Jordan,DEN,34,39,23,16,586.0,13.4,17.8,11.5,0.8,0.3,11.5,18.0,44.4,37.8,39.3,11.6,23.4,14.1,39.0,12.2,29.2,23.3,15.3
430,Deonte Burton,SAC,29,2,1,1,6.0,13.3,0.0,16.7,0.0,14.3,0.0,0.0,0.0,0.0,0.0,0.0,0.0,0.0,0.0,100.0,0.0,33.3,0.0
430,Jack White,DEN,25,17,13,4,66.0,13.3,15.7,16.1,20.0,19.6,40.0,50.0,27.3,22.0,23.6,13.3,7.1,42.9,25.0,28.6,33.3,22.2,17.2
432,Pat Connaughton,MIL,30,61,43,18,1443.0,13.3,12.8,15.6,23.3,25.6,5.4,5.9,14.7,20.9,19.4,10.1,7.9,20.6,8.1,12.7,13.2,8.8,13.2
433,Danuel House Jr.,PHI,30,56,38,18,807.0,13.3,13.6,14.4,18.1,20.7,13.7,14.4,6.6,16.4,14.4,10.4,10.1,10.4,10.6,5.3,19.5,14.7,14.1
434,Raul Neto,CLE,31,48,31,17,505.0,13.3,14.0,13.3,9.4,12.7,16.1,13.9,11.4,11.3,11.3,32.0,15.1,23.6,6.9,11.1,23.7,23.3,13.9
435,Dru Smith,BKN,25,15,7,8,158.0,13.3,14.4,15.9,17.2,19.2,5.6,4.2,6.7,20.2,17.3,26.8,6.7,34.5,25.0,15.0,34.3,5.4,13.2
436,Jaylin Williams,OKC,21,49,23,26,914.0,13.3,12.8,13.4,20.1,17.3,11.2,12.6,19.6,32.5,29.0,16.2,14.6,18.2,20.7,14.5,31.4,23.8,13.3
437,Justin Holiday,DAL,34,46,18,28,706.0,13.2,13.1,15.6,25.0,26.7,1.9,2.4,4.1,10.4,9.1,12.1,10.9,18.4,26.0,12.0,19.9,5.8,12.7
438,Richaun Holmes,SAC,29,42,22,20,348.0,13.2,19.8,14.4,5.3,3.1,12.2,12.7,40.3,22.9,27.1,5.3,11.3,6.8,27.5,26.7,32.3,14.5,16.8
439,Alex Len,SAC,30,26,15,11,161.0,13.2,11.7,10.1,0.0,1.6,15.7,18.4,55.8,27.3,34.3,16.0,28.6,12.9,68.8,5.9,42.4,14.3,11.1
440,Thaddeus Young,TOR,35,54,23,31,795.0,13.1,16.1,13.4,3.8,6.7,6.0,6.8,33.6,20.5,24.6,21.0,20.6,34.4,6.9,11.3,26.0,12.1,13.3
441,Buddy Boeheim,DET,23,10,2,8,90.0,13.1,6.8,16.6,22.2,39.1,6.1,5.3,9.1,6.6,7.2,9.5,0.0,25.0,0.0,0.0,15.4,2.6,8.1
442,Olivier Sarr,OKC,24,9,5,4,114.0,13.0,15.2,13.1,3.6,8.2,13.2,16.7,36.4,22.9,26.7,7.0,14.3,7.7,55.6,0.0,38.6,27.9,13.6
443,JT Thor,CHA,20,69,22,47,969.0,13.0,12.4,13.7,17.8,18.9,8.8,9.5,16.6,16.6,16.6,7.8,14.1,13.8,24.0,10.9,17.5,8.9,12.4
444,Walker Kessler,UTA,21,74,34,40,1703.0,13.0,19.7,13.1,0.2,0.2,12.2,18.4,51.3,30.1,35.6,7.7,10.4,14.4,67.3,19.8,26.4,17.5,16.4
445,Draymond Green,GSW,33,73,41,32,2298.0,12.9,11.8,11.0,5.1,6.4,10.2,11.5,13.4,27.1,24.0,33.2,27.1,22.0,34.9,11.2,23.0,16.6,10.7
446,Aaron Holiday,ATL,26,63,32,31,845.0,12.9,12.2,13.6,19.4,16.1,8.3,8.0,12.3,9.0,9.9,21.5,16.4,25.7,14.3,15.2,24.2,14.1,12.3
447,Terry Taylor,CHI,23,31,13,18,263.0,12.9,16.7,14.4,7.7,9.1,5.0,7.3,31.8,11.6,18.3,7.4,10.3,6.5,18.2,20.0,20.2,9.2,13.7
448,Kevon Harris,ORL,26,34,12,22,457.0,12.9,12.7,12.9,13.8,13.1,15.7,16.4,23.1,14.3,16.9,7.6,13.9,20.5,11.4,16.4,25.4,17.6,13.4
449,Dorian Finney-Smith,BKN,30,66,31,35,2009.0,12.9,12.0,14.1,19.2,20.3,5.8,5.8,29.4,15.9,19.0,11.0,13.0,17.7,21.4,11.0,17.8,6.6,11.9
450,Torrey Craig,PHX,32,79,44,35,1948.0,12.8,13.5,13.8,21.7,20.0,4.8,5.6,30.8,22.2,24.5,10.7,13.7,17.8,29.5,14.7,21.8,7.5,13.0
451,Javonte Green,CHI,29,32,13,19,480.0,12.8,14.1,12.3,13.3,13.0,16.9,20.5,25.5,17.7,19.6,9.1,13.6,30.4,32.3,12.7,26.4,19.0,14.4
452,Grant Williams,BOS,24,79,55,24,2045.0,12.8,12.4,12.8,17.3,16.3,13.0,13.6,21.0,19.0,19.4,12.3,14.6,15.7,15.7,12.7,24.4,15.8,13.2
453,Amir Coffey,LAC,26,50,26,24,625.0,12.8,11.2,12.9,8.3,10.0,20.6,19.3,11.6,8.5,9.3,18.0,10.6,8.4,6.8,21.6,19.6,17.8,12.5
454,Xavier Cooks,WAS,27,10,2,8,126.0,12.7,14.8,11.5,0.0,0.9,7.1,12.8,47.1,22.7,29.0,7.9,21.1,22.2,33.3,23.1,25.5,16.4,11.7
455,Yuta Watanabe,BKN,28,58,30,28,928.0,12.7,14.4,14.3,25.1,21.4,8.7,9.8,19.1,17.8,18.1,10.3,7.6,19.5,17.9,12.2,19.1,9.9,14.6
456,Christian Braun,DEN,22,76,49,27,1181.0,12.7,14.4,14.2,13.6,13.6,10.2,11.8,21.4,16.6,17.7,9.4,9.1,21.8,14.3,21.7,19.6,10.3,13.7
457,Gary Harris,ORL,28,48,22,26,1184.0,12.5,13.5,14.5,32.0,28.0,5.9,5.1,9.2,10.0,9.8,9.9,8.1,23.0,12.8,12.2,20.0,7.8,14.2
458,Delon Wright,WAS,31,50,26,24,1221.0,12.5,13.0,13.4,13.7,14.3,11.5,10.8,24.5,14.4,16.6,29.8,11.5,45.5,12.2,11.1,12.9,15.4,12.8
459,Jae Crowder,MIL,32,18,13,5,340.0,12.5,14.5,14.4,21.6,18.6,10.6,9.7,21.0,21.1,21.0,14.6,6.5,27.9,16.7,6.9,20.6,7.7,15.0
460,Frank Ntilikina,DAL,24,47,20,27,608.0,12.5,9.5,12.3,8.1,12.2,9.7,10.8,7.9,12.7,11.9,18.4,20.0,21.6,14.0,13.5,25.2,12.2,9.3
461,Blake Griffin,BOS,34,41,27,14,569.0,12.5,12.8,12.2,10.7,11.8,12.4,14.6,40.2,26.8,29.8,18.5,15.4,17.1,20.0,10.6,32.8,22.0,12.4
462,Moussa Diabate,LAC,21,22,10,12,195.0,12.5,14.9,12.5,2.2,1.7,11.9,14.4,50.0,14.5,25.9,4.4,15.0,31.8,36.4,27.3,23.1,18.8,13.1
463,Keon Ellis,SAC,23,16,7,9,71.0,12.4,13.7,13.6,30.0,19.7,18.2,23.3,40.0,10.5,16.7,17.6,4.5,41.7,16.7,0.0,38.5,15.4,16.7
464,Josh Hart,NYK,28,76,42,34,2454.0,12.4,12.7,11.9,8.6,8.9,12.7,13.4,26.1,27.1,26.8,22.7,16.3,25.3,9.7,17.3,18.9,14.9,12.3
465,Dwight Powell,DAL,31,76,37,39,1458.0,12.3,16.0,10.6,0.0,0.4,18.5,21.1,54.4,17.6,25.9,9.8,17.7,23.6,36.6,15.0,36.5,28.4,14.3
466,Justin Minaya,POR,24,4,0,4,89.0,12.3,9.0,13.4,14.3,19.0,0.0,2.0,18.8,23.1,22.1,7.5,20.0,13.3,41.7,0.0,26.5,2.8,8.0
467,Garrett Temple,NOP,37,25,16,9,162.0,12.3,14.0,15.2,29.7,22.6,4.3,4.4,13.5,10.1,10.9,15.7,6.9,23.1,14.3,8.3,24.2,3.1,13.7
468,Justin Jackson,BOS,28,23,15,8,107.0,12.2,10.1,14.8,16.1,20.0,6.3,7.7,11.1,18.8,17.3,17.0,5.4,36.4,25.0,25.0,16.7,10.5,10.8
469,Matthew Dellavedova,SAC,32,32,19,13,213.0,12.2,10.4,13.8,15.0,14.8,5.5,7.3,2.6,8.4,7.2,35.7,12.0,21.2,0.0,7.7,20.0,17.1,10.2
470,Drew Eubanks,POR,26,78,31,47,1584.0,12.2,16.1,11.9,1.7,1.6,12.5,14.8,39.9,28.4,31.2,13.3,14.4,16.9,54.8,6.9,25.9,18.8,13.8
471,Joe Ingles,MIL,35,46,32,14,1043.0,12.2,11.5,12.7,23.9,22.4,4.6,4.0,5.9,14.6,12.7,25.6,18.0,23.1,6.7,6.0,18.0,7.6,12.1
472,Cody Martin,CHA,27,7,2,5,134.0,12.1,12.4,14.6,8.8,15.4,7.5,10.1,26.7,16.3,18.8,16.4,5.4,18.2,9.1,16.7,20.3,10.9,11.2
473,Chuma Okeke,ORL,24,27,8,19,518.0,12.1,10.5,13.4,20.3,23.2,8.0,8.1,23.4,19.2,20.2,15.5,9.2,32.2,17.7,7.5,17.6,6.8,11.2
474,Kai Jones,CHA,22,46,13,33,550.0,12.1,15.3,12.4,3.7,6.1,7.6,8.0,31.4,22.2,24.4,6.0,17.6,22.7,36.6,11.0,28.6,8.8,12.7
475,Haywood Highsmith,MIA,26,54,28,26,969.0,12.1,12.4,12.4,15.2,14.4,3.9,6.9,25.7,20.1,21.5,9.7,16.5,22.4,24.6,14.1,21.9,8.1,11.3
476,Micah Potter,UTA,25,7,4,3,52.0,12.1,25.0,14.4,33.3,14.3,0.0,0.0,17.6,29.5,26.2,14.3,10.5,16.7,0.0,0.0,19.2,11.1,21.1
477,Jamaree Bouyea,WAS,24,5,2,3,71.0,12.0,12.0,12.5,11.8,11.3,3.3,5.7,9.1,12.2,11.5,12.5,18.2,50.0,33.3,16.7,20.7,2.6,10.2
478,Kobi Simmons,CHA,25,5,1,4,28.0,11.9,5.9,13.3,25.0,29.4,18.2,16.7,33.3,13.0,15.4,38.5,6.7,0.0,100.0,0.0,0.0,15.4,10.2
479,Kessler Edwards,SAC,22,36,17,19,386.0,11.9,10.3,13.1,14.4,17.7,7.5,7.5,20.7,15.6,17.2,10.7,11.3,22.6,21.4,14.3,26.0,9.6,10.4
480,Troy Brown Jr.,LAL,23,76,40,36,1860.0,11.9,12.3,13.6,25.8,23.3,4.4,3.9,16.0,18.2,17.7,10.0,9.3,24.6,8.9,15.2,17.8,5.4,12.2
481,Al Horford,BOS,37,63,44,19,1921.0,11.9,13.4,13.8,23.4,20.2,2.1,2.4,21.2,22.0,21.8,17.4,7.3,12.0,28.6,5.8,16.4,4.4,13.0
482,Larry Nance Jr.,NOP,30,65,34,31,1381.0,11.8,15.4,12.5,4.2,4.8,9.9,11.2,40.9,28.1,31.0,15.6,10.6,20.3,33.3,11.9,22.4,15.3,13.4
483,Isaiah Livers,DET,24,52,10,42,1199.0,11.7,12.4,13.6,27.2,26.3,6.9,6.4,10.4,14.9,13.7,7.3,7.8,16.5,24.1,5.5,17.8,7.1,12.9
484,Jake LaRavia,MEM,21,35,22,13,414.0,11.7,10.7,12.5,23.3,23.4,5.0,4.7,18.6,15.4,16.2,10.3,13.6,23.1,12.1,9.8,26.5,5.1,11.2
485,Isaac Okoro,CLE,22,76,48,28,1653.0,11.7,12.3,12.3,15.5,16.4,13.0,13.4,15.5,12.5,13.2,10.1,9.1,21.8,18.1,10.3,23.9,11.6,12.7
486,Ish Wainright,PHX,28,60,33,27,915.0,11.7,10.6,13.0,22.5,25.4,8.0,7.3,16.8,14.2,14.9,10.6,8.4,28.6,22.9,10.3,25.4,8.6,11.6
487,Orlando Robinson,MIA,22,31,18,13,425.0,11.6,13.9,11.7,0.0,1.8,13.3,15.2,41.7,28.7,32.6,12.9,12.4,14.5,41.4,27.6,34.6,20.0,12.2
488,Trent Forrest,ATL,25,23,9,14,277.0,11.6,10.9,12.1,0.0,1.2,2.1,2.6,9.4,16.8,15.2,26.6,17.4,20.0,10.0,19.4,14.9,8.9,8.5
489,Anthony Gill,WAS,30,59,21,38,625.0,11.6,13.3,11.7,3.3,7.6,18.7,19.8,25.0,14.0,16.8,11.3,8.6,8.2,17.6,14.3,26.7,20.4,13.5
490,Joe Wieskamp,TOR,23,9,6,3,50.0,11.5,7.7,14.0,27.3,33.3,0.0,0.0,0.0,9.1,6.7,15.8,6.7,0.0,0.0,20.0,13.0,0.0,8.9
491,Dyson Daniels,NOP,20,59,33,26,1042.0,11.3,10.0,11.4,11.2,12.7,6.3,7.4,17.8,20.6,20.0,23.9,16.2,23.8,12.0,11.1,23.4,9.9,9.5
492,Robert Williams III,BOS,25,35,24,11,824.0,11.3,17.9,11.3,0.0,0.1,7.9,10.3,52.0,28.9,34.4,11.4,14.6,21.2,41.0,17.6,23.9,13.5,14.0
493,Khem Birch,SAS,30,20,9,11,162.0,11.3,14.5,11.4,2.8,2.0,6.1,6.4,26.7,16.7,18.9,9.0,18.6,13.2,35.7,6.7,39.3,9.1,11.8
493,Nerlens Noel,BKN,29,17,4,13,195.0,11.3,8.8,10.2,2.2,1.5,10.8,13.0,27.0,29.8,29.1,12.7,20.0,38.1,58.8,9.1,33.3,20.8,8.4
495,Udoka Azubuike,UTA,23,36,17,19,359.0,11.3,18.9,10.9,0.0,0.0,5.7,12.0,41.3,34.0,35.6,5.8,14.9,12.2,53.6,9.1,26.2,12.6,15.4
496,Jordan McLaughlin,MIN,27,43,22,21,678.0,11.2,9.8,11.6,13.9,16.0,5.7,5.3,12.9,9.7,10.3,35.7,14.6,24.4,5.3,17.0,8.6,7.4,9.6
497,Luke Kornet,BOS,27,69,45,24,804.0,11.1,16.5,11.5,1.2,1.8,12.0,12.0,47.5,18.1,24.8,12.3,10.5,12.2,55.4,11.3,27.1,12.8,13.8
498,Nicolas Batum,LAC,34,78,44,34,1710.0,11.1,11.1,12.5,24.9,24.6,4.5,5.0,17.1,20.4,19.7,14.2,10.1,19.5,26.5,3.6,20.7,5.4,11.6
499,George Hill,IND,37,46,27,19,833.0,11.0,11.2,11.1,15.7,15.2,12.8,12.5,8.4,11.4,10.7,25.8,13.9,25.2,7.5,10.7,17.4,15.4,12.0
500,Alex Caruso,CHI,29,67,33,34,1575.0,10.9,9.4,10.2,16.3,16.1,10.0,10.0,15.1,14.3,14.5,24.4,17.6,35.0,28.0,9.1,25.5,16.8,10.1
501,Juan Toscano-Anderson,UTA,30,52,19,33,700.0,10.9,10.8,11.0,5.7,9.2,7.9,7.6,17.9,18.8,18.6,19.2,15.1,19.5,13.9,14.8,26.4,13.0,9.9
502,Vít Krejčí,ATL,23,29,15,14,165.0,10.8,10.8,12.5,10.9,15.9,1.9,3.1,14.6,18.7,17.6,21.0,10.0,20.8,10.0,23.1,27.9,2.0,9.6
503,Dominick Barlow,SAS,20,28,5,23,408.0,10.7,13.2,11.0,0.0,1.3,13.0,13.4,39.3,18.7,24.5,10.9,10.6,17.9,48.7,14.5,30.8,15.9,11.8
504,Patrick Beverley,CHI,34,67,34,33,1817.0,10.7,9.2,11.1,19.7,20.5,6.8,7.4,14.1,15.8,15.5,20.6,12.4,23.8,24.7,6.8,27.1,12.1,9.8
505,Mfiondu Kabengele,BOS,25,4,3,1,36.0,10.7,6.9,10.6,0.0,7.9,40.0,33.3,55.6,27.8,37.0,0.0,7.7,33.3,0.0,0.0,20.0,55.6,7.7
506,Isaiah Hartenstein,NYK,25,82,47,35,1628.0,10.7,12.4,10.9,2.0,3.1,7.1,8.2,48.2,28.1,33.5,12.8,14.8,22.9,51.2,11.0,30.2,10.5,10.4
507,Caleb Houstan,ORL,20,51,20,31,812.0,10.7,10.1,12.7,24.7,23.2,4.4,4.2,18.5,12.2,13.8,8.0,6.7,11.2,10.9,9.0,18.2,3.9,10.5
508,Jared Rhoden,DET,23,14,2,12,198.0,10.6,10.6,12.6,9.1,13.6,6.3,5.2,22.4,20.5,21.0,4.2,4.8,15.4,8.3,26.3,25.8,7.2,9.6
509,Jeff Dowtin Jr.,TOR,26,25,17,8,259.0,10.6,11.1,11.7,9.3,10.3,7.5,8.2,8.5,10.4,9.8,24.8,7.9,21.4,7.3,11.1,11.9,8.3,10.4
510,Ryan Arcidiacono,POR,29,20,9,11,172.0,10.6,7.1,11.9,18.2,16.3,0.0,0.0,0.0,13.8,10.8,29.1,12.7,15.2,0.0,11.8,25.8,20.0,7.3
511,Kevon Looney,GSW,27,82,44,38,1958.0,10.4,13.7,10.4,0.0,0.1,15.0,19.5,56.6,34.2,39.9,17.0,7.7,19.4,30.1,21.4,27.2,17.4,11.9
512,Otto Porter Jr.,TOR,30,8,4,4,146.0,10.4,12.7,11.0,19.4,16.3,12.1,9.8,14.3,17.8,16.5,12.1,9.5,31.4,0.0,0.0,11.9,20.3,13.2
513,Austin Rivers,MIN,30,52,25,27,1016.0,10.4,10.4,11.6,17.0,17.3,8.4,8.2,2.8,12.4,10.3,15.6,7.0,16.5,3.9,12.9,17.8,11.6,10.8
514,John Butler Jr.,POR,20,19,4,15,221.0,10.2,9.2,12.6,13.1,20.1,4.9,4.5,8.3,10.4,10.0,9.6,1.8,21.2,31.0,10.0,25.0,6.9,9.2
515,Matisse Thybulle,POR,26,71,38,33,1200.0,10.2,10.9,11.6,16.7,16.3,4.2,5.0,17.8,12.9,14.0,8.7,7.3,35.6,22.7,6.5,22.2,7.3,10.5
516,Damian Jones,UTA,28,41,12,29,477.0,10.2,13.9,9.4,8.8,4.9,12.2,13.4,36.2,23.2,26.5,6.9,14.9,13.6,36.8,17.5,26.1,18.2,13.1
517,Devon Dotson,WAS,23,6,1,5,53.0,10.2,2.6,11.0,10.0,12.9,0.0,0.0,50.0,12.5,22.7,38.1,20.0,38.5,0.0,22.2,37.5,4.0,2.7
518,Gary Payton II,GSW,30,22,13,9,368.0,10.1,12.7,10.5,12.0,8.6,3.2,3.2,28.9,18.9,21.5,15.6,16.7,44.0,12.2,4.3,25.7,5.2,10.7
519,Mitchell Robinson,NYK,25,59,35,24,1589.0,10.1,13.5,9.6,0.0,0.0,10.0,15.2,61.7,26.1,36.1,7.0,10.0,27.2,64.1,18.1,25.8,16.7,11.4
520,Max Christie,LAL,20,41,19,22,512.0,10.0,10.2,11.0,24.8,19.5,6.8,6.0,5.8,18.7,15.5,9.4,9.4,12.9,14.6,10.2,16.6,4.8,10.9
521,John Konchar,MEM,27,72,45,27,1494.0,10.0,10.1,11.2,16.8,16.9,4.9,4.6,16.0,22.8,21.0,12.8,8.7,27.6,12.4,9.3,18.0,8.0,10.0
522,Maxi Kleber,DAL,31,37,18,19,930.0,10.0,10.4,10.7,13.7,14.3,7.3,7.7,22.1,17.4,18.3,12.6,10.8,10.7,38.5,8.1,20.2,9.4,10.3
523,Christian Koloko,TOR,23,58,29,29,802.0,10.0,10.4,9.7,0.6,2.3,10.9,13.9,35.1,15.8,21.7,8.1,10.0,13.1,49.6,22.7,34.5,14.3,9.6
524,Dean Wade,CLE,26,44,30,14,892.0,10.0,10.0,11.2,19.7,20.5,4.9,6.2,12.0,21.7,19.6,8.4,6.8,19.6,22.8,8.4,24.2,8.0,10.3
525,Usman Garuba,HOU,21,75,21,54,970.0,9.9,11.4,9.9,10.3,7.9,7.3,9.3,39.9,29.5,32.8,15.1,13.2,25.1,33.3,14.1,31.0,12.6,10.5
526,Reggie Bullock Jr.,DAL,32,78,37,41,2364.0,9.8,10.0,11.6,21.0,20.2,2.8,3.0,8.8,16.9,15.3,10.1,6.2,19.4,7.3,5.1,16.5,2.9,10.2
527,Wesley Matthews,MIL,36,52,37,15,820.0,9.5,8.3,10.6,16.0,18.3,7.1,6.4,18.8,12.3,13.7,8.0,7.8,18.9,16.3,2.9,21.3,9.0,9.0
528,Kendall Brown,IND,20,6,1,5,40.0,9.3,10.8,9.6,0.0,3.7,4.3,6.7,25.0,13.8,16.2,13.0,11.1,36.4,0.0,33.3,31.0,9.5,8.7
529,Juancho Hernangomez,TOR,27,42,20,22,613.0,9.2,8.9,9.9,12.8,17.1,3.7,5.2,16.1,24.0,21.7,8.8,9.1,17.0,10.7,8.9,18.2,6.9,8.4
530,Braxton Key,DET,26,3,0,3,9.0,9.1,16.7,7.1,0.0,0.0,28.6,25.0,0.0,12.5,10.0,0.0,0.0,0.0,0.0,0.0,0.0,28.6,20.0
531,Noah Vonleh,BOS,27,23,17,6,172.0,9.0,7.5,7.8,1.6,2.6,4.8,4.0,48.6,27.8,33.1,7.7,19.0,7.7,42.1,26.7,48.6,8.9,6.3
532,Cole Swider,LAL,24,7,2,5,41.0,8.9,7.3,11.5,33.3,29.6,0.0,0.0,11.1,23.1,20.0,23.5,0.0,0.0,0.0,0.0,23.1,5.0,8.5
533,Andre Iguodala,GSW,39,8,3,5,113.0,8.9,6.3,7.0,1.9,7.7,7.7,8.8,17.6,16.1,16.3,23.8,22.5,15.4,30.0,0.0,22.0,20.9,5.7
534,KZ Okpala,SAC,24,35,19,16,248.0,8.1,7.4,8.4,10.9,10.9,8.3,7.3,15.6,15.4,15.5,9.1,8.3,17.5,31.8,9.5,32.8,13.2,8.0
535,Jericho Sims,NYK,24,52,31,21,812.0,7.4,12.7,7.4,0.0,0.2,4.3,4.5,51.8,25.7,32.4,7.4,11.6,16.9,52.8,8.1,28.6,9.9,10.0
536,P.J. Tucker,PHI,38,75,48,27,1920.0,6.6,6.0,6.9,10.7,10.9,2.3,2.3,31.0,15.7,18.7,6.1,8.7,14.0,9.3,5.0,25.4,7.6,5.9
537,Sterling Brown,LAL,28,4,2,2,24.0,6.1,0.0,7.4,0.0,10.5,0.0,0.0,42.9,22.7,27.6,20.0,0.0,50.0,0.0,25.0,33.3,0.0,0.0
538,Jacob Gilyard,MEM,24,1,0,1,41.0,5.2,2.9,3.8,14.3,9.4,0.0,0.0,0.0,14.8,11.1,31.8,25.0,50.0,0.0,0.0,23.1,0.0,3.4
539,Michael Foster Jr.,PHI,20,1,1,0,1.0,0.0,0.0,0.0,0.0,0.0,0.0,0.0,0.0,0.0,0.0,0.0,0.0,0.0,0.0,0.0,0.0,0.0,0.0
